"scientific.name","common.name","observed.on","location","listing.status","latitude","longitude","url","preserve","polygonloc","iconic.taxon.name","groups","place.guess","positional.accuracy","user.login","user.id","captive.cultivated","image.url","license","count","checklist"
"Solanum dulcamara","bittersweet nightshade","2025-09-22",NA,NA,44.1396497636,-68.8019172775,"https://www.inaturalist.org/observations/316622724","Calderwood Island","preserve","Plantae","Plants","North Haven, ME, US",7,"a6thgentxn",9296966,"false","https://inaturalist-open-data.s3.amazonaws.com/photos/572071165/medium.jpg","CC-BY-NC",NA,NA
"Verbascum thapsus","great mullein","2025-09-22",NA,NA,44.1429767199,-68.795527909,"https://www.inaturalist.org/observations/316621451","Calderwood Island","preserve","Plantae","Plants","North Haven, ME, US",3,"a6thgentxn",9296966,"false","https://inaturalist-open-data.s3.amazonaws.com/photos/572068687/medium.jpg","CC-BY-NC",NA,NA
"Danaus plexippus","monarch","2025-09-22","North Haven, ME, US",NA,44.1407943238,-68.8022275642,"https://www.inaturalist.org/observations/316623057","Calderwood Island","preserve",NA,NA,NA,NA,NA,NA,NA,NA,NA,NA,NA
"Anas rubripes","american black duck","2025-09-22","Clark Island",NA,43.9868246,-69.1827106,"https://ebird.org/checklist/S274913651","Clark Island Preserve","preserve",NA,NA,NA,NA,NA,NA,NA,NA,NA,NA,NA
"Monotropa hypopitys","pinesap","2025-10-04","Yarmouth, ME, US",NA,43.82168439,-70.1549068421,"https://www.inaturalist.org/observations/318657617","Cousins River Fields &amp; Marsh Preserve","preserve",NA,NA,NA,NA,NA,NA,NA,NA,NA,NA,NA
"Monotropa hypopitys","pinesap","2025-10-04","Yarmouth, ME, US",NA,43.82168439,-70.1549068421,"https://www.inaturalist.org/observations/318657617","Cousins River Fields &amp; Marsh Preserve","preserve",NA,NA,NA,NA,NA,NA,NA,NA,NA,NA,NA
"Monotropa hypopitys","pinesap","2025-10-04","Yarmouth, ME, US",NA,43.82168439,-70.1549068421,"https://www.inaturalist.org/observations/318657617","Cousins River Fields &amp; Marsh Preserve","preserve",NA,NA,NA,NA,NA,NA,NA,NA,NA,NA,NA
"Monotropa hypopitys","pinesap","2025-10-04","Yarmouth, ME, US",NA,43.82168439,-70.1549068421,"https://www.inaturalist.org/observations/318657617","Cousins River Fields &amp; Marsh Preserve","preserve",NA,NA,NA,NA,NA,NA,NA,NA,NA,NA,NA
"Danaus plexippus","monarch","2025-09-23","Harpswell, ME, US",NA,43.7658083333,-70.0556195,"https://www.inaturalist.org/observations/316355828","Little Whaleboat Island Preserve","preserve",NA,NA,NA,NA,NA,NA,NA,NA,NA,NA,NA
"Bolboschoenus maritimus","sea clubrush","2025-09-22","Mount Desert Island, Bernard, ME, US",NA,44.2433822561,-68.3674032224,"https://www.inaturalist.org/observations/315787794","Mitchell Marsh Preserve","preserve",NA,NA,NA,NA,NA,NA,NA,NA,NA,NA,NA
"Lysimachia maritima","sea milkwort","2025-09-22","Mount Desert Island, Bernard, ME, US",NA,44.2423337885,-68.3675057721,"https://www.inaturalist.org/observations/315787857","Mitchell Marsh Preserve","preserve",NA,NA,NA,NA,NA,NA,NA,NA,NA,NA,NA
"Spergularia canadensis","canada sand-spurry","2025-09-23","Mount Desert Island, Bernard, ME, US",NA,44.2417521866,-68.366472558,"https://www.inaturalist.org/observations/316029112","Mitchell Marsh Preserve","preserve",NA,NA,NA,NA,NA,NA,NA,NA,NA,NA,NA
"Euthamia graminifolia","flat-topped goldenrod","2025-09-24","Echo Lake Beach Rd, Mount Desert, ME, US",NA,44.314975,-68.3362366667,"https://www.inaturalist.org/observations/316432185","Acadia Mountain Preserve","buffer",NA,NA,NA,NA,NA,NA,NA,NA,NA,NA,NA
"Litylenchus crenatae","beech leaf disease","2025-09-26",NA,NA,44.3296681586,-68.2903323323,"https://www.inaturalist.org/observations/316885717","Acadia Mountain Preserve","buffer","Animalia","Other animals","Mt Desert, ME 04660, USA",360,"momtodem",3028240,"false","https://static.inaturalist.org/photos/572566964/medium.jpg","",NA,NA
"Asclepias syriaca","common milkweed","2025-09-26","Mt Battie Rd, Camden, ME, US",NA,44.2233402863,-69.0693363698,"https://www.inaturalist.org/observations/316809525","Aldermere Farm","buffer",NA,NA,NA,NA,NA,NA,NA,NA,NA,NA,NA
"Euonymus alatus","winged euonymus","2025-09-28",NA,NA,44.2147416667,-69.0785138333,"https://www.inaturalist.org/observations/317373637","Aldermere Farm","buffer","Plantae","Plants","Ames Terr, Camden, ME, US",20,"jeffbrown-dfw",6524561,"false","https://static.inaturalist.org/photos/573480231/medium.jpg","",NA,NA
"Euonymus alatus","winged euonymus","2025-09-28",NA,NA,44.2147416667,-69.0785138333,"https://www.inaturalist.org/observations/317373637","Aldermere Farm","buffer","Plantae","Plants","Ames Terr, Camden, ME, US",20,"jeffbrown-dfw",6524561,"false","https://static.inaturalist.org/photos/573480231/medium.jpg","",NA,NA
"Euonymus alatus","winged euonymus","2025-09-28",NA,NA,44.2147416667,-69.0785138333,"https://www.inaturalist.org/observations/317373637","Aldermere Farm","buffer","Plantae","Plants","Ames Terr, Camden, ME, US",20,"jeffbrown-dfw",6524561,"false","https://static.inaturalist.org/photos/573480231/medium.jpg","",NA,NA
"Euonymus alatus","winged euonymus","2025-09-28",NA,NA,44.2147416667,-69.0785138333,"https://www.inaturalist.org/observations/317373637","Aldermere Farm","buffer","Plantae","Plants","Ames Terr, Camden, ME, US",20,"jeffbrown-dfw",6524561,"false","https://static.inaturalist.org/photos/573480231/medium.jpg","",NA,NA
"Euonymus alatus","winged euonymus","2025-09-28",NA,NA,44.2147416667,-69.0785138333,"https://www.inaturalist.org/observations/317373637","Aldermere Farm","buffer","Plantae","Plants","Ames Terr, Camden, ME, US",20,"jeffbrown-dfw",6524561,"false","https://static.inaturalist.org/photos/573480231/medium.jpg","",NA,NA
"Euonymus alatus","winged euonymus","2025-09-28",NA,NA,44.2147416667,-69.0785138333,"https://www.inaturalist.org/observations/317373637","Aldermere Farm","buffer","Plantae","Plants","Ames Terr, Camden, ME, US",20,"jeffbrown-dfw",6524561,"false","https://static.inaturalist.org/photos/573480231/medium.jpg","",NA,NA
"Euonymus alatus","winged euonymus","2025-09-28",NA,NA,44.2147416667,-69.0785138333,"https://www.inaturalist.org/observations/317373637","Aldermere Farm","buffer","Plantae","Plants","Ames Terr, Camden, ME, US",20,"jeffbrown-dfw",6524561,"false","https://static.inaturalist.org/photos/573480231/medium.jpg","",NA,NA
"Euonymus alatus","winged euonymus","2025-09-28",NA,NA,44.2147416667,-69.0785138333,"https://www.inaturalist.org/observations/317373637","Aldermere Farm","buffer","Plantae","Plants","Ames Terr, Camden, ME, US",20,"jeffbrown-dfw",6524561,"false","https://static.inaturalist.org/photos/573480231/medium.jpg","",NA,NA
"Euonymus alatus","winged euonymus","2025-09-28",NA,NA,44.2147416667,-69.0785138333,"https://www.inaturalist.org/observations/317373637","Aldermere Farm","buffer","Plantae","Plants","Ames Terr, Camden, ME, US",20,"jeffbrown-dfw",6524561,"false","https://static.inaturalist.org/photos/573480231/medium.jpg","",NA,NA
"Solanum dulcamara","bittersweet nightshade","2025-10-06",NA,NA,44.2123033333,-69.0745471667,"https://www.inaturalist.org/observations/319207696","Aldermere Farm","buffer","Plantae","Plants","Camden, ME, US",12,"asha_wolfish",8563624,"false","https://static.inaturalist.org/photos/577044219/medium.jpg","",NA,NA
"Solanum dulcamara","bittersweet nightshade","2025-10-06",NA,NA,44.2123033333,-69.0745471667,"https://www.inaturalist.org/observations/319207696","Aldermere Farm","buffer","Plantae","Plants","Camden, ME, US",12,"asha_wolfish",8563624,"false","https://static.inaturalist.org/photos/577044219/medium.jpg","",NA,NA
"Solanum dulcamara","bittersweet nightshade","2025-10-06",NA,NA,44.2123033333,-69.0745471667,"https://www.inaturalist.org/observations/319207696","Aldermere Farm","buffer","Plantae","Plants","Camden, ME, US",12,"asha_wolfish",8563624,"false","https://static.inaturalist.org/photos/577044219/medium.jpg","",NA,NA
"Solanum dulcamara","bittersweet nightshade","2025-10-06",NA,NA,44.2123033333,-69.0745471667,"https://www.inaturalist.org/observations/319207696","Aldermere Farm","buffer","Plantae","Plants","Camden, ME, US",12,"asha_wolfish",8563624,"false","https://static.inaturalist.org/photos/577044219/medium.jpg","",NA,NA
"Solanum dulcamara","bittersweet nightshade","2025-10-06",NA,NA,44.2123033333,-69.0745471667,"https://www.inaturalist.org/observations/319207696","Aldermere Farm","buffer","Plantae","Plants","Camden, ME, US",12,"asha_wolfish",8563624,"false","https://static.inaturalist.org/photos/577044219/medium.jpg","",NA,NA
"Solanum dulcamara","bittersweet nightshade","2025-10-06",NA,NA,44.2123033333,-69.0745471667,"https://www.inaturalist.org/observations/319207696","Aldermere Farm","buffer","Plantae","Plants","Camden, ME, US",12,"asha_wolfish",8563624,"false","https://static.inaturalist.org/photos/577044219/medium.jpg","",NA,NA
"Solanum dulcamara","bittersweet nightshade","2025-10-06",NA,NA,44.2123033333,-69.0745471667,"https://www.inaturalist.org/observations/319207696","Aldermere Farm","buffer","Plantae","Plants","Camden, ME, US",12,"asha_wolfish",8563624,"false","https://static.inaturalist.org/photos/577044219/medium.jpg","",NA,NA
"Solanum dulcamara","bittersweet nightshade","2025-10-06",NA,NA,44.2123033333,-69.0745471667,"https://www.inaturalist.org/observations/319207696","Aldermere Farm","buffer","Plantae","Plants","Camden, ME, US",12,"asha_wolfish",8563624,"false","https://static.inaturalist.org/photos/577044219/medium.jpg","",NA,NA
"Solanum dulcamara","bittersweet nightshade","2025-10-06",NA,NA,44.2123033333,-69.0745471667,"https://www.inaturalist.org/observations/319207696","Aldermere Farm","buffer","Plantae","Plants","Camden, ME, US",12,"asha_wolfish",8563624,"false","https://static.inaturalist.org/photos/577044219/medium.jpg","",NA,NA
"Solanum dulcamara","bittersweet nightshade","2025-10-06",NA,NA,44.2123033333,-69.0745471667,"https://www.inaturalist.org/observations/319207696","Aldermere Farm","buffer","Plantae","Plants","Camden, ME, US",12,"asha_wolfish",8563624,"false","https://static.inaturalist.org/photos/577044219/medium.jpg","",NA,NA
"Solanum dulcamara","bittersweet nightshade","2025-10-06",NA,NA,44.2123033333,-69.0745471667,"https://www.inaturalist.org/observations/319207696","Aldermere Farm","buffer","Plantae","Plants","Camden, ME, US",12,"asha_wolfish",8563624,"false","https://static.inaturalist.org/photos/577044219/medium.jpg","",NA,NA
"Solanum dulcamara","bittersweet nightshade","2025-10-06",NA,NA,44.2123033333,-69.0745471667,"https://www.inaturalist.org/observations/319207696","Aldermere Farm","buffer","Plantae","Plants","Camden, ME, US",12,"asha_wolfish",8563624,"false","https://static.inaturalist.org/photos/577044219/medium.jpg","",NA,NA
"Solanum dulcamara","bittersweet nightshade","2025-10-06",NA,NA,44.2123033333,-69.0745471667,"https://www.inaturalist.org/observations/319207696","Aldermere Farm","buffer","Plantae","Plants","Camden, ME, US",12,"asha_wolfish",8563624,"false","https://static.inaturalist.org/photos/577044219/medium.jpg","",NA,NA
"Solanum dulcamara","bittersweet nightshade","2025-10-06",NA,NA,44.2123033333,-69.0745471667,"https://www.inaturalist.org/observations/319207696","Aldermere Farm","buffer","Plantae","Plants","Camden, ME, US",12,"asha_wolfish",8563624,"false","https://static.inaturalist.org/photos/577044219/medium.jpg","",NA,NA
"Solanum dulcamara","bittersweet nightshade","2025-10-06",NA,NA,44.2123033333,-69.0745471667,"https://www.inaturalist.org/observations/319207696","Aldermere Farm","buffer","Plantae","Plants","Camden, ME, US",12,"asha_wolfish",8563624,"false","https://static.inaturalist.org/photos/577044219/medium.jpg","",NA,NA
"Solanum dulcamara","bittersweet nightshade","2025-10-06",NA,NA,44.2123033333,-69.0745471667,"https://www.inaturalist.org/observations/319207696","Aldermere Farm","buffer","Plantae","Plants","Camden, ME, US",12,"asha_wolfish",8563624,"false","https://static.inaturalist.org/photos/577044219/medium.jpg","",NA,NA
"Solanum dulcamara","bittersweet nightshade","2025-10-06",NA,NA,44.2123033333,-69.0745471667,"https://www.inaturalist.org/observations/319207696","Aldermere Farm","buffer","Plantae","Plants","Camden, ME, US",12,"asha_wolfish",8563624,"false","https://static.inaturalist.org/photos/577044219/medium.jpg","",NA,NA
"Solanum dulcamara","bittersweet nightshade","2025-10-06",NA,NA,44.2123033333,-69.0745471667,"https://www.inaturalist.org/observations/319207696","Aldermere Farm","buffer","Plantae","Plants","Camden, ME, US",12,"asha_wolfish",8563624,"false","https://static.inaturalist.org/photos/577044219/medium.jpg","",NA,NA
"Solanum dulcamara","bittersweet nightshade","2025-10-06",NA,NA,44.2123033333,-69.0745471667,"https://www.inaturalist.org/observations/319207696","Aldermere Farm","buffer","Plantae","Plants","Camden, ME, US",12,"asha_wolfish",8563624,"false","https://static.inaturalist.org/photos/577044219/medium.jpg","",NA,NA
"Solanum dulcamara","bittersweet nightshade","2025-10-06",NA,NA,44.2123033333,-69.0745471667,"https://www.inaturalist.org/observations/319207696","Aldermere Farm","buffer","Plantae","Plants","Camden, ME, US",12,"asha_wolfish",8563624,"false","https://static.inaturalist.org/photos/577044219/medium.jpg","",NA,NA
"Solanum dulcamara","bittersweet nightshade","2025-10-06",NA,NA,44.2123033333,-69.0745471667,"https://www.inaturalist.org/observations/319207696","Aldermere Farm","buffer","Plantae","Plants","Camden, ME, US",12,"asha_wolfish",8563624,"false","https://static.inaturalist.org/photos/577044219/medium.jpg","",NA,NA
"Solanum dulcamara","bittersweet nightshade","2025-10-06",NA,NA,44.2123033333,-69.0745471667,"https://www.inaturalist.org/observations/319207696","Aldermere Farm","buffer","Plantae","Plants","Camden, ME, US",12,"asha_wolfish",8563624,"false","https://static.inaturalist.org/photos/577044219/medium.jpg","",NA,NA
"Solanum dulcamara","bittersweet nightshade","2025-10-06",NA,NA,44.2123033333,-69.0745471667,"https://www.inaturalist.org/observations/319207696","Aldermere Farm","buffer","Plantae","Plants","Camden, ME, US",12,"asha_wolfish",8563624,"false","https://static.inaturalist.org/photos/577044219/medium.jpg","",NA,NA
"Solanum dulcamara","bittersweet nightshade","2025-10-06",NA,NA,44.2123033333,-69.0745471667,"https://www.inaturalist.org/observations/319207696","Aldermere Farm","buffer","Plantae","Plants","Camden, ME, US",12,"asha_wolfish",8563624,"false","https://static.inaturalist.org/photos/577044219/medium.jpg","",NA,NA
"Solanum dulcamara","bittersweet nightshade","2025-10-06",NA,NA,44.2123033333,-69.0745471667,"https://www.inaturalist.org/observations/319207696","Aldermere Farm","buffer","Plantae","Plants","Camden, ME, US",12,"asha_wolfish",8563624,"false","https://static.inaturalist.org/photos/577044219/medium.jpg","",NA,NA
"Solanum dulcamara","bittersweet nightshade","2025-10-06",NA,NA,44.2123033333,-69.0745471667,"https://www.inaturalist.org/observations/319207696","Aldermere Farm","buffer","Plantae","Plants","Camden, ME, US",12,"asha_wolfish",8563624,"false","https://static.inaturalist.org/photos/577044219/medium.jpg","",NA,NA
"Solanum dulcamara","bittersweet nightshade","2025-10-06",NA,NA,44.2123033333,-69.0745471667,"https://www.inaturalist.org/observations/319207696","Aldermere Farm","buffer","Plantae","Plants","Camden, ME, US",12,"asha_wolfish",8563624,"false","https://static.inaturalist.org/photos/577044219/medium.jpg","",NA,NA
"Solanum dulcamara","bittersweet nightshade","2025-10-06",NA,NA,44.2123033333,-69.0745471667,"https://www.inaturalist.org/observations/319207696","Aldermere Farm","buffer","Plantae","Plants","Camden, ME, US",12,"asha_wolfish",8563624,"false","https://static.inaturalist.org/photos/577044219/medium.jpg","",NA,NA
"Solanum dulcamara","bittersweet nightshade","2025-10-06",NA,NA,44.2123033333,-69.0745471667,"https://www.inaturalist.org/observations/319207696","Aldermere Farm","buffer","Plantae","Plants","Camden, ME, US",12,"asha_wolfish",8563624,"false","https://static.inaturalist.org/photos/577044219/medium.jpg","",NA,NA
"Solanum dulcamara","bittersweet nightshade","2025-10-06",NA,NA,44.2123033333,-69.0745471667,"https://www.inaturalist.org/observations/319207696","Aldermere Farm","buffer","Plantae","Plants","Camden, ME, US",12,"asha_wolfish",8563624,"false","https://static.inaturalist.org/photos/577044219/medium.jpg","",NA,NA
"Solanum dulcamara","bittersweet nightshade","2025-10-06",NA,NA,44.2123033333,-69.0745471667,"https://www.inaturalist.org/observations/319207696","Aldermere Farm","buffer","Plantae","Plants","Camden, ME, US",12,"asha_wolfish",8563624,"false","https://static.inaturalist.org/photos/577044219/medium.jpg","",NA,NA
"Solanum dulcamara","bittersweet nightshade","2025-10-06",NA,NA,44.2123033333,-69.0745471667,"https://www.inaturalist.org/observations/319207696","Aldermere Farm","buffer","Plantae","Plants","Camden, ME, US",12,"asha_wolfish",8563624,"false","https://static.inaturalist.org/photos/577044219/medium.jpg","",NA,NA
"Solanum dulcamara","bittersweet nightshade","2025-10-06",NA,NA,44.2123033333,-69.0745471667,"https://www.inaturalist.org/observations/319207696","Aldermere Farm","buffer","Plantae","Plants","Camden, ME, US",12,"asha_wolfish",8563624,"false","https://static.inaturalist.org/photos/577044219/medium.jpg","",NA,NA
"Solanum dulcamara","bittersweet nightshade","2025-10-06",NA,NA,44.2123033333,-69.0745471667,"https://www.inaturalist.org/observations/319207696","Aldermere Farm","buffer","Plantae","Plants","Camden, ME, US",12,"asha_wolfish",8563624,"false","https://static.inaturalist.org/photos/577044219/medium.jpg","",NA,NA
"Solanum dulcamara","bittersweet nightshade","2025-10-06",NA,NA,44.2123033333,-69.0745471667,"https://www.inaturalist.org/observations/319207696","Aldermere Farm","buffer","Plantae","Plants","Camden, ME, US",12,"asha_wolfish",8563624,"false","https://static.inaturalist.org/photos/577044219/medium.jpg","",NA,NA
"Solanum dulcamara","bittersweet nightshade","2025-10-06",NA,NA,44.2123033333,-69.0745471667,"https://www.inaturalist.org/observations/319207696","Aldermere Farm","buffer","Plantae","Plants","Camden, ME, US",12,"asha_wolfish",8563624,"false","https://static.inaturalist.org/photos/577044219/medium.jpg","",NA,NA
"Rosa rugosa","rugosa rose","2025-09-22",NA,NA,44.1543101846,-68.6906299834,"https://www.inaturalist.org/observations/316055002","Andrews Island","buffer","Plantae","Plants","Hancock County, US-ME, US",6,"mazelife",2492413,"false","https://inaturalist-open-data.s3.amazonaws.com/photos/571000602/medium.jpg","CC-BY-NC",NA,NA
"Euphorbia cyparissias","cypress spurge","2025-10-06",NA,NA,44.155708313,-68.6677856445,"https://www.inaturalist.org/observations/319154890","Andrews Island","buffer","Plantae","Plants","Stonington",33,"bmace",828011,"false","https://static.inaturalist.org/photos/576892350/medium.jpg","",NA,NA
"Euphorbia cyparissias","cypress spurge","2025-10-06",NA,NA,44.155708313,-68.6677856445,"https://www.inaturalist.org/observations/319154890","Andrews Island","buffer","Plantae","Plants","Stonington",33,"bmace",828011,"false","https://static.inaturalist.org/photos/576892350/medium.jpg","",NA,NA
"Euphorbia cyparissias","cypress spurge","2025-10-06",NA,NA,44.155708313,-68.6677856445,"https://www.inaturalist.org/observations/319154890","Andrews Island","buffer","Plantae","Plants","Stonington",33,"bmace",828011,"false","https://static.inaturalist.org/photos/576892350/medium.jpg","",NA,NA
"Euphorbia cyparissias","cypress spurge","2025-10-06",NA,NA,44.155708313,-68.6677856445,"https://www.inaturalist.org/observations/319154890","Andrews Island","buffer","Plantae","Plants","Stonington",33,"bmace",828011,"false","https://static.inaturalist.org/photos/576892350/medium.jpg","",NA,NA
"Rosa rugosa","rugosa rose","2025-09-22",NA,NA,44.2458233798,-68.3725558339,"https://www.inaturalist.org/observations/315776519","Bass Harbor Fields Preserve","buffer","Plantae","Plants","Mount Desert Island, Bernard, ME, US",159,"farland_howell",7028089,"false","https://inaturalist-open-data.s3.amazonaws.com/photos/570479699/medium.jpg","CC-BY-NC",NA,NA
"Spergularia canadensis","canada sand-spurry","2025-09-22","Mount Desert Island, Bernard, ME, US",NA,44.2450355343,-68.3715212795,"https://www.inaturalist.org/observations/315788534","Bass Harbor Fields Preserve","buffer",NA,NA,NA,NA,NA,NA,NA,NA,NA,NA,NA
"Symplocarpus foetidus","eastern skunk cabbage","2025-09-23","Acadia National Park, Hancock County, US-ME, US",NA,44.2343598784,-68.3202394178,"https://www.inaturalist.org/observations/316071229","Bass Harbor Fields Preserve","buffer",NA,NA,NA,NA,NA,NA,NA,NA,NA,NA,NA
"Trichophorum cespitosum","tufted bulrush","2025-09-23","Acadia National Park, Hancock County, US-ME, US",NA,44.2348513766,-68.3206619823,"https://www.inaturalist.org/observations/316071620","Bass Harbor Fields Preserve","buffer",NA,NA,NA,NA,NA,NA,NA,NA,NA,NA,NA
"Solanum dulcamara","bittersweet nightshade","2025-09-24",NA,NA,44.2462779023,-68.3731919051,"https://www.inaturalist.org/observations/316264290","Bass Harbor Fields Preserve","buffer","Plantae","Plants","Mount Desert Island, Bernard, ME, US",4,"farland_howell",7028089,"false","https://inaturalist-open-data.s3.amazonaws.com/photos/571396720/medium.jpg","CC-BY-NC",NA,NA
"Teucrium canadense","american germander","2025-09-25","Mount Desert Island, Bernard, ME, US",NA,44.2453214368,-68.3723845917,"https://www.inaturalist.org/observations/316495025","Bass Harbor Fields Preserve","buffer",NA,NA,NA,NA,NA,NA,NA,NA,NA,NA,NA
"Solanum dulcamara","bittersweet nightshade","2025-09-26",NA,NA,44.2456403421,-68.3724221742,"https://www.inaturalist.org/observations/316710379","Bass Harbor Fields Preserve","buffer","Plantae","Plants","Mount Desert Island, Bernard, ME, US",15,"farland_howell",7028089,"false","https://inaturalist-open-data.s3.amazonaws.com/photos/572240357/medium.jpg","CC-BY-NC",NA,NA
"Rubus hispidus","swamp dewberry","2025-09-26","Mamie's Way, Bass Harbor, ME, US",NA,44.2468609068,-68.3416466776,"https://www.inaturalist.org/observations/316826979","Bass Harbor Fields Preserve","buffer",NA,NA,NA,NA,NA,NA,NA,NA,NA,NA,NA
"Rosa rugosa","rugosa rose","2025-10-02",NA,NA,44.221955,-68.3373416667,"https://www.inaturalist.org/observations/318295924","Bass Harbor Fields Preserve","buffer","Plantae","Plants","Mount Desert Island, Southwest Harbor, ME, US",159,"ap90",615449,"false","https://inaturalist-open-data.s3.amazonaws.com/photos/575244216/medium.jpg","CC-BY-NC",NA,NA
"Rosa rugosa","rugosa rose","2025-10-02",NA,NA,44.221955,-68.3373416667,"https://www.inaturalist.org/observations/318295924","Bass Harbor Fields Preserve","buffer","Plantae","Plants","Mount Desert Island, Southwest Harbor, ME, US",159,"ap90",615449,"false","https://inaturalist-open-data.s3.amazonaws.com/photos/575244216/medium.jpg","CC-BY-NC",NA,NA
"Rosa rugosa","rugosa rose","2025-10-02",NA,NA,44.221955,-68.3373416667,"https://www.inaturalist.org/observations/318295924","Bass Harbor Fields Preserve","buffer","Plantae","Plants","Mount Desert Island, Southwest Harbor, ME, US",159,"ap90",615449,"false","https://inaturalist-open-data.s3.amazonaws.com/photos/575244216/medium.jpg","CC-BY-NC",NA,NA
"Rosa rugosa","rugosa rose","2025-10-02",NA,NA,44.221955,-68.3373416667,"https://www.inaturalist.org/observations/318295924","Bass Harbor Fields Preserve","buffer","Plantae","Plants","Mount Desert Island, Southwest Harbor, ME, US",159,"ap90",615449,"false","https://inaturalist-open-data.s3.amazonaws.com/photos/575244216/medium.jpg","CC-BY-NC",NA,NA
"Rosa rugosa","rugosa rose","2025-10-05",NA,NA,44.221987451,-68.3373856463,"https://www.inaturalist.org/observations/319177566","Bass Harbor Fields Preserve","buffer","Plantae","Plants","Lighthouse Rd, Southwest Harbor, ME, US",5,"captainjoan",1667365,"false","https://inaturalist-open-data.s3.amazonaws.com/photos/576933537/medium.jpg","CC-BY-NC",NA,NA
"Rosa rugosa","rugosa rose","2025-10-05",NA,NA,44.221987451,-68.3373856463,"https://www.inaturalist.org/observations/319177566","Bass Harbor Fields Preserve","buffer","Plantae","Plants","Lighthouse Rd, Southwest Harbor, ME, US",5,"captainjoan",1667365,"false","https://inaturalist-open-data.s3.amazonaws.com/photos/576933537/medium.jpg","CC-BY-NC",NA,NA
"Rosa rugosa","rugosa rose","2025-10-05",NA,NA,44.221987451,-68.3373856463,"https://www.inaturalist.org/observations/319177566","Bass Harbor Fields Preserve","buffer","Plantae","Plants","Lighthouse Rd, Southwest Harbor, ME, US",5,"captainjoan",1667365,"false","https://inaturalist-open-data.s3.amazonaws.com/photos/576933537/medium.jpg","CC-BY-NC",NA,NA
"Rosa rugosa","rugosa rose","2025-10-05",NA,NA,44.221987451,-68.3373856463,"https://www.inaturalist.org/observations/319177566","Bass Harbor Fields Preserve","buffer","Plantae","Plants","Lighthouse Rd, Southwest Harbor, ME, US",5,"captainjoan",1667365,"false","https://inaturalist-open-data.s3.amazonaws.com/photos/576933537/medium.jpg","CC-BY-NC",NA,NA
"Rosa rugosa","rugosa rose","2025-09-22",NA,NA,44.2458233798,-68.3725558339,"https://www.inaturalist.org/observations/315776519","Bass Harbor Marsh","buffer","Plantae","Plants","Mount Desert Island, Bernard, ME, US",159,"farland_howell",7028089,"false","https://inaturalist-open-data.s3.amazonaws.com/photos/570479699/medium.jpg","CC-BY-NC",NA,NA
"Spergularia canadensis","canada sand-spurry","2025-09-22","Mount Desert Island, Bernard, ME, US",NA,44.2450355343,-68.3715212795,"https://www.inaturalist.org/observations/315788534","Bass Harbor Marsh","buffer",NA,NA,NA,NA,NA,NA,NA,NA,NA,NA,NA
"Corema conradii","broom crowberry","2025-09-23","Acadia National Park, Hancock County, US-ME, US",NA,44.231583065,-68.3151853048,"https://www.inaturalist.org/observations/316073278","Bass Harbor Marsh","buffer",NA,NA,NA,NA,NA,NA,NA,NA,NA,NA,NA
"Symplocarpus foetidus","eastern skunk cabbage","2025-09-23","Acadia National Park, Hancock County, US-ME, US",NA,44.2343598784,-68.3202394178,"https://www.inaturalist.org/observations/316071229","Bass Harbor Marsh","buffer",NA,NA,NA,NA,NA,NA,NA,NA,NA,NA,NA
"Trichophorum cespitosum","tufted bulrush","2025-09-23","Acadia National Park, Hancock County, US-ME, US",NA,44.2348513766,-68.3206619823,"https://www.inaturalist.org/observations/316071620","Bass Harbor Marsh","buffer",NA,NA,NA,NA,NA,NA,NA,NA,NA,NA,NA
"Solanum dulcamara","bittersweet nightshade","2025-09-24",NA,NA,44.2462779023,-68.3731919051,"https://www.inaturalist.org/observations/316264290","Bass Harbor Marsh","buffer","Plantae","Plants","Mount Desert Island, Bernard, ME, US",4,"farland_howell",7028089,"false","https://inaturalist-open-data.s3.amazonaws.com/photos/571396720/medium.jpg","CC-BY-NC",NA,NA
"Teucrium canadense","american germander","2025-09-25","Mount Desert Island, Bernard, ME, US",NA,44.2453214368,-68.3723845917,"https://www.inaturalist.org/observations/316495025","Bass Harbor Marsh","buffer",NA,NA,NA,NA,NA,NA,NA,NA,NA,NA,NA
"Solanum dulcamara","bittersweet nightshade","2025-09-26",NA,NA,44.2456403421,-68.3724221742,"https://www.inaturalist.org/observations/316710379","Bass Harbor Marsh","buffer","Plantae","Plants","Mount Desert Island, Bernard, ME, US",15,"farland_howell",7028089,"false","https://inaturalist-open-data.s3.amazonaws.com/photos/572240357/medium.jpg","CC-BY-NC",NA,NA
"Rubus hispidus","swamp dewberry","2025-09-26","Mamie's Way, Bass Harbor, ME, US",NA,44.2468609068,-68.3416466776,"https://www.inaturalist.org/observations/316826979","Bass Harbor Marsh","buffer",NA,NA,NA,NA,NA,NA,NA,NA,NA,NA,NA
"Rosa rugosa","rugosa rose","2025-10-02",NA,NA,44.221955,-68.3373416667,"https://www.inaturalist.org/observations/318295924","Bass Harbor Marsh","buffer","Plantae","Plants","Mount Desert Island, Southwest Harbor, ME, US",159,"ap90",615449,"false","https://inaturalist-open-data.s3.amazonaws.com/photos/575244216/medium.jpg","CC-BY-NC",NA,NA
"Rosa rugosa","rugosa rose","2025-10-02",NA,NA,44.221955,-68.3373416667,"https://www.inaturalist.org/observations/318295924","Bass Harbor Marsh","buffer","Plantae","Plants","Mount Desert Island, Southwest Harbor, ME, US",159,"ap90",615449,"false","https://inaturalist-open-data.s3.amazonaws.com/photos/575244216/medium.jpg","CC-BY-NC",NA,NA
"Rosa rugosa","rugosa rose","2025-10-02",NA,NA,44.221955,-68.3373416667,"https://www.inaturalist.org/observations/318295924","Bass Harbor Marsh","buffer","Plantae","Plants","Mount Desert Island, Southwest Harbor, ME, US",159,"ap90",615449,"false","https://inaturalist-open-data.s3.amazonaws.com/photos/575244216/medium.jpg","CC-BY-NC",NA,NA
"Rosa rugosa","rugosa rose","2025-10-02",NA,NA,44.221955,-68.3373416667,"https://www.inaturalist.org/observations/318295924","Bass Harbor Marsh","buffer","Plantae","Plants","Mount Desert Island, Southwest Harbor, ME, US",159,"ap90",615449,"false","https://inaturalist-open-data.s3.amazonaws.com/photos/575244216/medium.jpg","CC-BY-NC",NA,NA
"Rosa rugosa","rugosa rose","2025-10-05",NA,NA,44.221987451,-68.3373856463,"https://www.inaturalist.org/observations/319177566","Bass Harbor Marsh","buffer","Plantae","Plants","Lighthouse Rd, Southwest Harbor, ME, US",5,"captainjoan",1667365,"false","https://inaturalist-open-data.s3.amazonaws.com/photos/576933537/medium.jpg","CC-BY-NC",NA,NA
"Rosa rugosa","rugosa rose","2025-10-05",NA,NA,44.221987451,-68.3373856463,"https://www.inaturalist.org/observations/319177566","Bass Harbor Marsh","buffer","Plantae","Plants","Lighthouse Rd, Southwest Harbor, ME, US",5,"captainjoan",1667365,"false","https://inaturalist-open-data.s3.amazonaws.com/photos/576933537/medium.jpg","CC-BY-NC",NA,NA
"Rosa rugosa","rugosa rose","2025-10-05",NA,NA,44.221987451,-68.3373856463,"https://www.inaturalist.org/observations/319177566","Bass Harbor Marsh","buffer","Plantae","Plants","Lighthouse Rd, Southwest Harbor, ME, US",5,"captainjoan",1667365,"false","https://inaturalist-open-data.s3.amazonaws.com/photos/576933537/medium.jpg","CC-BY-NC",NA,NA
"Rosa rugosa","rugosa rose","2025-10-05",NA,NA,44.221987451,-68.3373856463,"https://www.inaturalist.org/observations/319177566","Bass Harbor Marsh","buffer","Plantae","Plants","Lighthouse Rd, Southwest Harbor, ME, US",5,"captainjoan",1667365,"false","https://inaturalist-open-data.s3.amazonaws.com/photos/576933537/medium.jpg","CC-BY-NC",NA,NA
"Elaeagnus umbellata","autumn olive","2025-09-28",NA,NA,43.9499435425,-69.7042160034,"https://www.inaturalist.org/observations/317283615","Berry Island","buffer","Plantae","Plants","Wiscasset",3,"ashleigh_maine",8425322,"false","","CC-BY-NC",NA,NA
"Panicum virgatum","switchgrass","2025-10-05","Bath Rd, Wiscasset, ME, US",NA,43.9932695096,-69.6876989314,"https://www.inaturalist.org/observations/318918654","Berry Island","buffer",NA,NA,NA,NA,NA,NA,NA,NA,NA,NA,NA
"Panicum virgatum","switchgrass","2025-10-05","Bath Rd, Wiscasset, ME, US",NA,43.9932695096,-69.6876989314,"https://www.inaturalist.org/observations/318918654","Berry Island","buffer",NA,NA,NA,NA,NA,NA,NA,NA,NA,NA,NA
"Panicum virgatum","switchgrass","2025-10-05","Bath Rd, Wiscasset, ME, US",NA,43.9932695096,-69.6876989314,"https://www.inaturalist.org/observations/318918654","Berry Island","buffer",NA,NA,NA,NA,NA,NA,NA,NA,NA,NA,NA
"Panicum virgatum","switchgrass","2025-10-05","Bath Rd, Wiscasset, ME, US",NA,43.9932695096,-69.6876989314,"https://www.inaturalist.org/observations/318918654","Berry Island","buffer",NA,NA,NA,NA,NA,NA,NA,NA,NA,NA,NA
"Rosa rugosa","rugosa rose","2025-09-24",NA,NA,44.317375,-68.199705,"https://www.inaturalist.org/observations/316398536","Cooksey Drive Overlook","buffer","Plantae","Plants","Otter Cove Trail, Bar Harbor, ME, US",4,"meaghanargay",1264322,"false","https://inaturalist-open-data.s3.amazonaws.com/photos/571644181/medium.jpg","CC-BY-NC",NA,NA
"Rosa rugosa","rugosa rose","2025-09-24",NA,NA,44.2962383333,-68.24118,"https://www.inaturalist.org/observations/316347016","Cooksey Drive Overlook","buffer","Plantae","Plants","SR-3, Mount Desert, ME, US",10,"lhobbs00",7649268,"false","https://static.inaturalist.org/photos/571548088/medium.jpg","",NA,NA
"Danaus plexippus","monarch","2025-10-03","Acadia National Park, Bar Harbor, ME, US",NA,44.3096866667,-68.1898333333,"https://www.inaturalist.org/observations/318452958","Cooksey Drive Overlook","buffer",NA,NA,NA,NA,NA,NA,NA,NA,NA,NA,NA
"Danaus plexippus","monarch","2025-10-03","Acadia National Park, Bar Harbor, ME, US",NA,44.3096866667,-68.1898333333,"https://www.inaturalist.org/observations/318452958","Cooksey Drive Overlook","buffer",NA,NA,NA,NA,NA,NA,NA,NA,NA,NA,NA
"Danaus plexippus","monarch","2025-10-03","Acadia National Park, Bar Harbor, ME, US",NA,44.3096866667,-68.1898333333,"https://www.inaturalist.org/observations/318452958","Cooksey Drive Overlook","buffer",NA,NA,NA,NA,NA,NA,NA,NA,NA,NA,NA
"Danaus plexippus","monarch","2025-10-03","Acadia National Park, Bar Harbor, ME, US",NA,44.3096866667,-68.1898333333,"https://www.inaturalist.org/observations/318452958","Cooksey Drive Overlook","buffer",NA,NA,NA,NA,NA,NA,NA,NA,NA,NA,NA
"Impatiens glandulifera","himalayan balsam","2025-10-02",NA,NA,43.8055286202,-70.1901616067,"https://www.inaturalist.org/observations/318211483","Cousins River Fields &amp; Marsh Preserve","buffer","Plantae","Plants","Royal River Park, Yarmouth, ME, US",70,"dlandry",4816302,"false","https://inaturalist-open-data.s3.amazonaws.com/photos/575087725/medium.jpg","CC-BY-NC",NA,NA
"Impatiens glandulifera","himalayan balsam","2025-10-02",NA,NA,43.8055286202,-70.1901616067,"https://www.inaturalist.org/observations/318211483","Cousins River Fields &amp; Marsh Preserve","buffer","Plantae","Plants","Royal River Park, Yarmouth, ME, US",70,"dlandry",4816302,"false","https://inaturalist-open-data.s3.amazonaws.com/photos/575087725/medium.jpg","CC-BY-NC",NA,NA
"Impatiens glandulifera","himalayan balsam","2025-10-02",NA,NA,43.8055286202,-70.1901616067,"https://www.inaturalist.org/observations/318211483","Cousins River Fields &amp; Marsh Preserve","buffer","Plantae","Plants","Royal River Park, Yarmouth, ME, US",70,"dlandry",4816302,"false","https://inaturalist-open-data.s3.amazonaws.com/photos/575087725/medium.jpg","CC-BY-NC",NA,NA
"Impatiens glandulifera","himalayan balsam","2025-10-02",NA,NA,43.8055286202,-70.1901616067,"https://www.inaturalist.org/observations/318211483","Cousins River Fields &amp; Marsh Preserve","buffer","Plantae","Plants","Royal River Park, Yarmouth, ME, US",70,"dlandry",4816302,"false","https://inaturalist-open-data.s3.amazonaws.com/photos/575087725/medium.jpg","CC-BY-NC",NA,NA
"Euthamia graminifolia","flat-topped goldenrod","2025-09-24","Echo Lake Beach Rd, Mount Desert, ME, US",NA,44.314975,-68.3362366667,"https://www.inaturalist.org/observations/316432185","Echo Vista","buffer",NA,NA,NA,NA,NA,NA,NA,NA,NA,NA,NA
"Euonymus alatus","winged euonymus","2025-09-28",NA,NA,44.2147416667,-69.0785138333,"https://www.inaturalist.org/observations/317373637","Erickson Fields Preserve","buffer","Plantae","Plants","Ames Terr, Camden, ME, US",20,"jeffbrown-dfw",6524561,"false","https://static.inaturalist.org/photos/573480231/medium.jpg","",NA,NA
"Solanum dulcamara","bittersweet nightshade","2025-10-06",NA,NA,44.2123033333,-69.0745471667,"https://www.inaturalist.org/observations/319207696","Erickson Fields Preserve","buffer","Plantae","Plants","Camden, ME, US",12,"asha_wolfish",8563624,"false","https://static.inaturalist.org/photos/577044219/medium.jpg","",NA,NA
"Solanum dulcamara","bittersweet nightshade","2025-10-06",NA,NA,44.2123033333,-69.0745471667,"https://www.inaturalist.org/observations/319207696","Erickson Fields Preserve","buffer","Plantae","Plants","Camden, ME, US",12,"asha_wolfish",8563624,"false","https://static.inaturalist.org/photos/577044219/medium.jpg","",NA,NA
"Solanum dulcamara","bittersweet nightshade","2025-10-06",NA,NA,44.2123033333,-69.0745471667,"https://www.inaturalist.org/observations/319207696","Erickson Fields Preserve","buffer","Plantae","Plants","Camden, ME, US",12,"asha_wolfish",8563624,"false","https://static.inaturalist.org/photos/577044219/medium.jpg","",NA,NA
"Solanum dulcamara","bittersweet nightshade","2025-10-06",NA,NA,44.2123033333,-69.0745471667,"https://www.inaturalist.org/observations/319207696","Erickson Fields Preserve","buffer","Plantae","Plants","Camden, ME, US",12,"asha_wolfish",8563624,"false","https://static.inaturalist.org/photos/577044219/medium.jpg","",NA,NA
"Rosa rugosa","rugosa rose","2025-09-23",NA,NA,44.3895529821,-68.0858245054,"https://www.inaturalist.org/observations/316108357","Flat Island","buffer","Plantae","Plants","Harbor Rd, Winter Harbor, ME, US",76,"alanders",3204490,"false","https://static.inaturalist.org/photos/571099160/medium.jpg","",NA,NA
"Centaurea stoebe","spotted knapweed","2025-09-24",NA,NA,44.3796830473,-68.0668875157,"https://www.inaturalist.org/observations/316337283","Flat Island","buffer","Plantae","Plants","Acadia National Park, Hancock County, US-ME, US",4,"farland_howell",7028089,"false","https://inaturalist-open-data.s3.amazonaws.com/photos/571530525/medium.jpg","CC-BY-NC",NA,NA
"Falco peregrinus","peregrine falcon","2025-09-28","Winter Harbor, ME 04693, USA","state endangered",44.3795735084,-68.1352972984,"https://www.inaturalist.org/observations/317350929","Flat Island","buffer",NA,NA,NA,NA,NA,NA,NA,NA,NA,NA,NA
"Falco peregrinus","peregrine falcon","2025-09-28","Winter Harbor, ME 04693, USA","state endangered",44.3795735084,-68.1352972984,"https://www.inaturalist.org/observations/317350929","Flat Island","buffer",NA,NA,NA,NA,NA,NA,NA,NA,NA,NA,NA
"Spergularia marina","saltmarsh sand spurry","2025-10-06","Winter Harbor, ME 04693, USA",NA,44.3843031997,-68.0727246,"https://www.inaturalist.org/observations/319346775","Flat Island","buffer",NA,NA,NA,NA,NA,NA,NA,NA,NA,NA,NA
"Spergularia marina","saltmarsh sand spurry","2025-10-06","Winter Harbor, ME 04693, USA",NA,44.3843031997,-68.0727246,"https://www.inaturalist.org/observations/319346775","Flat Island","buffer",NA,NA,NA,NA,NA,NA,NA,NA,NA,NA,NA
"Spergularia marina","saltmarsh sand spurry","2025-10-06","Winter Harbor, ME 04693, USA",NA,44.3843031997,-68.0727246,"https://www.inaturalist.org/observations/319346775","Flat Island","buffer",NA,NA,NA,NA,NA,NA,NA,NA,NA,NA,NA
"Spergularia marina","saltmarsh sand spurry","2025-10-06","Winter Harbor, ME 04693, USA",NA,44.3843031997,-68.0727246,"https://www.inaturalist.org/observations/319346775","Flat Island","buffer",NA,NA,NA,NA,NA,NA,NA,NA,NA,NA,NA
"Rosa rugosa","rugosa rose","2025-09-23",NA,NA,44.2291685748,-68.3123782431,"https://www.inaturalist.org/observations/316072908","Great Gott Preserve","buffer","Plantae","Plants","Acadia National Park, Hancock County, US-ME, US",8,"farland_howell",7028089,"false","https://inaturalist-open-data.s3.amazonaws.com/photos/571032997/medium.jpg","CC-BY-NC",NA,NA
"Rosa rugosa","rugosa rose","2025-09-23",NA,NA,44.2291685748,-68.3123782431,"https://www.inaturalist.org/observations/316072908","Great Gott Preserve","buffer","Plantae","Plants","Acadia National Park, Hancock County, US-ME, US",8,"farland_howell",7028089,"false","https://inaturalist-open-data.s3.amazonaws.com/photos/571032997/medium.jpg","CC-BY-NC",NA,NA
"Corema conradii","broom crowberry","2025-09-23","Acadia National Park, Hancock County, US-ME, US",NA,44.231583065,-68.3151853048,"https://www.inaturalist.org/observations/316073278","Great Gott Preserve","buffer",NA,NA,NA,NA,NA,NA,NA,NA,NA,NA,NA
"Corema conradii","broom crowberry","2025-09-23","Acadia National Park, Hancock County, US-ME, US",NA,44.231583065,-68.3151853048,"https://www.inaturalist.org/observations/316073278","Great Gott Preserve","buffer",NA,NA,NA,NA,NA,NA,NA,NA,NA,NA,NA
"Symplocarpus foetidus","eastern skunk cabbage","2025-09-23","Acadia National Park, Hancock County, US-ME, US",NA,44.2343598784,-68.3202394178,"https://www.inaturalist.org/observations/316071229","Great Gott Preserve","buffer",NA,NA,NA,NA,NA,NA,NA,NA,NA,NA,NA
"Symplocarpus foetidus","eastern skunk cabbage","2025-09-23","Acadia National Park, Hancock County, US-ME, US",NA,44.2343598784,-68.3202394178,"https://www.inaturalist.org/observations/316071229","Great Gott Preserve","buffer",NA,NA,NA,NA,NA,NA,NA,NA,NA,NA,NA
"Trichophorum cespitosum","tufted bulrush","2025-09-23","Acadia National Park, Hancock County, US-ME, US",NA,44.2348513766,-68.3206619823,"https://www.inaturalist.org/observations/316071620","Great Gott Preserve","buffer",NA,NA,NA,NA,NA,NA,NA,NA,NA,NA,NA
"Trichophorum cespitosum","tufted bulrush","2025-09-23","Acadia National Park, Hancock County, US-ME, US",NA,44.2348513766,-68.3206619823,"https://www.inaturalist.org/observations/316071620","Great Gott Preserve","buffer",NA,NA,NA,NA,NA,NA,NA,NA,NA,NA,NA
"Rosa rugosa","rugosa rose","2025-10-02",NA,NA,44.221955,-68.3373416667,"https://www.inaturalist.org/observations/318295924","Great Gott Preserve","buffer","Plantae","Plants","Mount Desert Island, Southwest Harbor, ME, US",159,"ap90",615449,"false","https://inaturalist-open-data.s3.amazonaws.com/photos/575244216/medium.jpg","CC-BY-NC",NA,NA
"Rosa rugosa","rugosa rose","2025-10-02",NA,NA,44.221955,-68.3373416667,"https://www.inaturalist.org/observations/318295924","Great Gott Preserve","buffer","Plantae","Plants","Mount Desert Island, Southwest Harbor, ME, US",159,"ap90",615449,"false","https://inaturalist-open-data.s3.amazonaws.com/photos/575244216/medium.jpg","CC-BY-NC",NA,NA
"Rosa rugosa","rugosa rose","2025-10-02",NA,NA,44.221955,-68.3373416667,"https://www.inaturalist.org/observations/318295924","Great Gott Preserve","buffer","Plantae","Plants","Mount Desert Island, Southwest Harbor, ME, US",159,"ap90",615449,"false","https://inaturalist-open-data.s3.amazonaws.com/photos/575244216/medium.jpg","CC-BY-NC",NA,NA
"Rosa rugosa","rugosa rose","2025-10-02",NA,NA,44.221955,-68.3373416667,"https://www.inaturalist.org/observations/318295924","Great Gott Preserve","buffer","Plantae","Plants","Mount Desert Island, Southwest Harbor, ME, US",159,"ap90",615449,"false","https://inaturalist-open-data.s3.amazonaws.com/photos/575244216/medium.jpg","CC-BY-NC",NA,NA
"Rosa rugosa","rugosa rose","2025-10-02",NA,NA,44.221955,-68.3373416667,"https://www.inaturalist.org/observations/318295924","Great Gott Preserve","buffer","Plantae","Plants","Mount Desert Island, Southwest Harbor, ME, US",159,"ap90",615449,"false","https://inaturalist-open-data.s3.amazonaws.com/photos/575244216/medium.jpg","CC-BY-NC",NA,NA
"Rosa rugosa","rugosa rose","2025-10-02",NA,NA,44.221955,-68.3373416667,"https://www.inaturalist.org/observations/318295924","Great Gott Preserve","buffer","Plantae","Plants","Mount Desert Island, Southwest Harbor, ME, US",159,"ap90",615449,"false","https://inaturalist-open-data.s3.amazonaws.com/photos/575244216/medium.jpg","CC-BY-NC",NA,NA
"Rosa rugosa","rugosa rose","2025-10-02",NA,NA,44.221955,-68.3373416667,"https://www.inaturalist.org/observations/318295924","Great Gott Preserve","buffer","Plantae","Plants","Mount Desert Island, Southwest Harbor, ME, US",159,"ap90",615449,"false","https://inaturalist-open-data.s3.amazonaws.com/photos/575244216/medium.jpg","CC-BY-NC",NA,NA
"Rosa rugosa","rugosa rose","2025-10-02",NA,NA,44.221955,-68.3373416667,"https://www.inaturalist.org/observations/318295924","Great Gott Preserve","buffer","Plantae","Plants","Mount Desert Island, Southwest Harbor, ME, US",159,"ap90",615449,"false","https://inaturalist-open-data.s3.amazonaws.com/photos/575244216/medium.jpg","CC-BY-NC",NA,NA
"Rosa rugosa","rugosa rose","2025-10-05",NA,NA,44.221987451,-68.3373856463,"https://www.inaturalist.org/observations/319177566","Great Gott Preserve","buffer","Plantae","Plants","Lighthouse Rd, Southwest Harbor, ME, US",5,"captainjoan",1667365,"false","https://inaturalist-open-data.s3.amazonaws.com/photos/576933537/medium.jpg","CC-BY-NC",NA,NA
"Rosa rugosa","rugosa rose","2025-10-05",NA,NA,44.221987451,-68.3373856463,"https://www.inaturalist.org/observations/319177566","Great Gott Preserve","buffer","Plantae","Plants","Lighthouse Rd, Southwest Harbor, ME, US",5,"captainjoan",1667365,"false","https://inaturalist-open-data.s3.amazonaws.com/photos/576933537/medium.jpg","CC-BY-NC",NA,NA
"Rosa rugosa","rugosa rose","2025-10-05",NA,NA,44.221987451,-68.3373856463,"https://www.inaturalist.org/observations/319177566","Great Gott Preserve","buffer","Plantae","Plants","Lighthouse Rd, Southwest Harbor, ME, US",5,"captainjoan",1667365,"false","https://inaturalist-open-data.s3.amazonaws.com/photos/576933537/medium.jpg","CC-BY-NC",NA,NA
"Rosa rugosa","rugosa rose","2025-10-05",NA,NA,44.221987451,-68.3373856463,"https://www.inaturalist.org/observations/319177566","Great Gott Preserve","buffer","Plantae","Plants","Lighthouse Rd, Southwest Harbor, ME, US",5,"captainjoan",1667365,"false","https://inaturalist-open-data.s3.amazonaws.com/photos/576933537/medium.jpg","CC-BY-NC",NA,NA
"Rosa rugosa","rugosa rose","2025-10-05",NA,NA,44.221987451,-68.3373856463,"https://www.inaturalist.org/observations/319177566","Great Gott Preserve","buffer","Plantae","Plants","Lighthouse Rd, Southwest Harbor, ME, US",5,"captainjoan",1667365,"false","https://inaturalist-open-data.s3.amazonaws.com/photos/576933537/medium.jpg","CC-BY-NC",NA,NA
"Rosa rugosa","rugosa rose","2025-10-05",NA,NA,44.221987451,-68.3373856463,"https://www.inaturalist.org/observations/319177566","Great Gott Preserve","buffer","Plantae","Plants","Lighthouse Rd, Southwest Harbor, ME, US",5,"captainjoan",1667365,"false","https://inaturalist-open-data.s3.amazonaws.com/photos/576933537/medium.jpg","CC-BY-NC",NA,NA
"Rosa rugosa","rugosa rose","2025-10-05",NA,NA,44.221987451,-68.3373856463,"https://www.inaturalist.org/observations/319177566","Great Gott Preserve","buffer","Plantae","Plants","Lighthouse Rd, Southwest Harbor, ME, US",5,"captainjoan",1667365,"false","https://inaturalist-open-data.s3.amazonaws.com/photos/576933537/medium.jpg","CC-BY-NC",NA,NA
"Rosa rugosa","rugosa rose","2025-10-05",NA,NA,44.221987451,-68.3373856463,"https://www.inaturalist.org/observations/319177566","Great Gott Preserve","buffer","Plantae","Plants","Lighthouse Rd, Southwest Harbor, ME, US",5,"captainjoan",1667365,"false","https://inaturalist-open-data.s3.amazonaws.com/photos/576933537/medium.jpg","CC-BY-NC",NA,NA
"Rosa rugosa","rugosa rose","2025-09-22",NA,NA,44.1543101846,-68.6906299834,"https://www.inaturalist.org/observations/316055002","Green Island","buffer","Plantae","Plants","Hancock County, US-ME, US",6,"mazelife",2492413,"false","https://inaturalist-open-data.s3.amazonaws.com/photos/571000602/medium.jpg","CC-BY-NC",NA,NA
"Euphorbia cyparissias","cypress spurge","2025-10-06",NA,NA,44.155708313,-68.6677856445,"https://www.inaturalist.org/observations/319154890","Green Island","buffer","Plantae","Plants","Stonington",33,"bmace",828011,"false","https://static.inaturalist.org/photos/576892350/medium.jpg","",NA,NA
"Euphorbia cyparissias","cypress spurge","2025-10-06",NA,NA,44.155708313,-68.6677856445,"https://www.inaturalist.org/observations/319154890","Green Island","buffer","Plantae","Plants","Stonington",33,"bmace",828011,"false","https://static.inaturalist.org/photos/576892350/medium.jpg","",NA,NA
"Euphorbia cyparissias","cypress spurge","2025-10-06",NA,NA,44.155708313,-68.6677856445,"https://www.inaturalist.org/observations/319154890","Green Island","buffer","Plantae","Plants","Stonington",33,"bmace",828011,"false","https://static.inaturalist.org/photos/576892350/medium.jpg","",NA,NA
"Euphorbia cyparissias","cypress spurge","2025-10-06",NA,NA,44.155708313,-68.6677856445,"https://www.inaturalist.org/observations/319154890","Green Island","buffer","Plantae","Plants","Stonington",33,"bmace",828011,"false","https://static.inaturalist.org/photos/576892350/medium.jpg","",NA,NA
"Danaus plexippus","monarch","2025-09-27","Washington County, US-ME, US",NA,44.8075833333,-66.964645,"https://www.inaturalist.org/observations/317253784","Hamilton Cove Preserve","buffer",NA,NA,NA,NA,NA,NA,NA,NA,NA,NA,NA
"Danaus plexippus","monarch","2025-09-27","Washington County, US-ME, US",NA,44.8075833333,-66.964645,"https://www.inaturalist.org/observations/317253784","Hamilton Cove Preserve","buffer",NA,NA,NA,NA,NA,NA,NA,NA,NA,NA,NA
"Danaus plexippus","monarch","2025-09-27","Washington County, US-ME, US",NA,44.8075833333,-66.964645,"https://www.inaturalist.org/observations/317253784","Hamilton Cove Preserve","buffer",NA,NA,NA,NA,NA,NA,NA,NA,NA,NA,NA
"Danaus plexippus","monarch","2025-10-03","Curtis Cove Rd, Blue Hill, ME, US",NA,44.4165886682,-68.5150474989,"https://www.inaturalist.org/observations/318434849","Jed's Island","buffer",NA,NA,NA,NA,NA,NA,NA,NA,NA,NA,NA
"Danaus plexippus","monarch","2025-10-03","Curtis Cove Rd, Blue Hill, ME, US",NA,44.4165886682,-68.5150474989,"https://www.inaturalist.org/observations/318434849","Jed's Island","buffer",NA,NA,NA,NA,NA,NA,NA,NA,NA,NA,NA
"Danaus plexippus","monarch","2025-10-03","Curtis Cove Rd, Blue Hill, ME, US",NA,44.4165886682,-68.5150474989,"https://www.inaturalist.org/observations/318434849","Jed's Island","buffer",NA,NA,NA,NA,NA,NA,NA,NA,NA,NA,NA
"Danaus plexippus","monarch","2025-10-03","Curtis Cove Rd, Blue Hill, ME, US",NA,44.4165886682,-68.5150474989,"https://www.inaturalist.org/observations/318434849","Jed's Island","buffer",NA,NA,NA,NA,NA,NA,NA,NA,NA,NA,NA
"Danaus plexippus","monarch","2025-10-03","Curtis Cove Rd, Blue Hill, ME, US",NA,44.4165886682,-68.5150474989,"https://www.inaturalist.org/observations/318434849","Jed's Island","buffer",NA,NA,NA,NA,NA,NA,NA,NA,NA,NA,NA
"Danaus plexippus","monarch","2025-10-03","Curtis Cove Rd, Blue Hill, ME, US",NA,44.4165886682,-68.5150474989,"https://www.inaturalist.org/observations/318434849","Jed's Island","buffer",NA,NA,NA,NA,NA,NA,NA,NA,NA,NA,NA
"Danaus plexippus","monarch","2025-10-03","Curtis Cove Rd, Blue Hill, ME, US",NA,44.4165886682,-68.5150474989,"https://www.inaturalist.org/observations/318434849","Jed's Island","buffer",NA,NA,NA,NA,NA,NA,NA,NA,NA,NA,NA
"Danaus plexippus","monarch","2025-10-03","Curtis Cove Rd, Blue Hill, ME, US",NA,44.4165886682,-68.5150474989,"https://www.inaturalist.org/observations/318434849","Jed's Island","buffer",NA,NA,NA,NA,NA,NA,NA,NA,NA,NA,NA
"Rosa rugosa","rugosa rose","2025-09-22",NA,NA,44.2458233798,-68.3725558339,"https://www.inaturalist.org/observations/315776519","Kelley Farm Preserve","buffer","Plantae","Plants","Mount Desert Island, Bernard, ME, US",159,"farland_howell",7028089,"false","https://inaturalist-open-data.s3.amazonaws.com/photos/570479699/medium.jpg","CC-BY-NC",NA,NA
"Spergularia canadensis","canada sand-spurry","2025-09-22","Mount Desert Island, Bernard, ME, US",NA,44.2450355343,-68.3715212795,"https://www.inaturalist.org/observations/315788534","Kelley Farm Preserve","buffer",NA,NA,NA,NA,NA,NA,NA,NA,NA,NA,NA
"Symplocarpus foetidus","eastern skunk cabbage","2025-09-23","Acadia National Park, Hancock County, US-ME, US",NA,44.2343598784,-68.3202394178,"https://www.inaturalist.org/observations/316071229","Kelley Farm Preserve","buffer",NA,NA,NA,NA,NA,NA,NA,NA,NA,NA,NA
"Trichophorum cespitosum","tufted bulrush","2025-09-23","Acadia National Park, Hancock County, US-ME, US",NA,44.2348513766,-68.3206619823,"https://www.inaturalist.org/observations/316071620","Kelley Farm Preserve","buffer",NA,NA,NA,NA,NA,NA,NA,NA,NA,NA,NA
"Solanum dulcamara","bittersweet nightshade","2025-09-24",NA,NA,44.2462779023,-68.3731919051,"https://www.inaturalist.org/observations/316264290","Kelley Farm Preserve","buffer","Plantae","Plants","Mount Desert Island, Bernard, ME, US",4,"farland_howell",7028089,"false","https://inaturalist-open-data.s3.amazonaws.com/photos/571396720/medium.jpg","CC-BY-NC",NA,NA
"Teucrium canadense","american germander","2025-09-25","Mount Desert Island, Bernard, ME, US",NA,44.2453214368,-68.3723845917,"https://www.inaturalist.org/observations/316495025","Kelley Farm Preserve","buffer",NA,NA,NA,NA,NA,NA,NA,NA,NA,NA,NA
"Solanum dulcamara","bittersweet nightshade","2025-09-26",NA,NA,44.2456403421,-68.3724221742,"https://www.inaturalist.org/observations/316710379","Kelley Farm Preserve","buffer","Plantae","Plants","Mount Desert Island, Bernard, ME, US",15,"farland_howell",7028089,"false","https://inaturalist-open-data.s3.amazonaws.com/photos/572240357/medium.jpg","CC-BY-NC",NA,NA
"Rubus hispidus","swamp dewberry","2025-09-26","Mamie's Way, Bass Harbor, ME, US",NA,44.2468609068,-68.3416466776,"https://www.inaturalist.org/observations/316826979","Kelley Farm Preserve","buffer",NA,NA,NA,NA,NA,NA,NA,NA,NA,NA,NA
"Rosa rugosa","rugosa rose","2025-10-02",NA,NA,44.221955,-68.3373416667,"https://www.inaturalist.org/observations/318295924","Kelley Farm Preserve","buffer","Plantae","Plants","Mount Desert Island, Southwest Harbor, ME, US",159,"ap90",615449,"false","https://inaturalist-open-data.s3.amazonaws.com/photos/575244216/medium.jpg","CC-BY-NC",NA,NA
"Rosa rugosa","rugosa rose","2025-10-02",NA,NA,44.221955,-68.3373416667,"https://www.inaturalist.org/observations/318295924","Kelley Farm Preserve","buffer","Plantae","Plants","Mount Desert Island, Southwest Harbor, ME, US",159,"ap90",615449,"false","https://inaturalist-open-data.s3.amazonaws.com/photos/575244216/medium.jpg","CC-BY-NC",NA,NA
"Rosa rugosa","rugosa rose","2025-10-02",NA,NA,44.221955,-68.3373416667,"https://www.inaturalist.org/observations/318295924","Kelley Farm Preserve","buffer","Plantae","Plants","Mount Desert Island, Southwest Harbor, ME, US",159,"ap90",615449,"false","https://inaturalist-open-data.s3.amazonaws.com/photos/575244216/medium.jpg","CC-BY-NC",NA,NA
"Rosa rugosa","rugosa rose","2025-10-02",NA,NA,44.221955,-68.3373416667,"https://www.inaturalist.org/observations/318295924","Kelley Farm Preserve","buffer","Plantae","Plants","Mount Desert Island, Southwest Harbor, ME, US",159,"ap90",615449,"false","https://inaturalist-open-data.s3.amazonaws.com/photos/575244216/medium.jpg","CC-BY-NC",NA,NA
"Rosa rugosa","rugosa rose","2025-10-05",NA,NA,44.221987451,-68.3373856463,"https://www.inaturalist.org/observations/319177566","Kelley Farm Preserve","buffer","Plantae","Plants","Lighthouse Rd, Southwest Harbor, ME, US",5,"captainjoan",1667365,"false","https://inaturalist-open-data.s3.amazonaws.com/photos/576933537/medium.jpg","CC-BY-NC",NA,NA
"Rosa rugosa","rugosa rose","2025-10-05",NA,NA,44.221987451,-68.3373856463,"https://www.inaturalist.org/observations/319177566","Kelley Farm Preserve","buffer","Plantae","Plants","Lighthouse Rd, Southwest Harbor, ME, US",5,"captainjoan",1667365,"false","https://inaturalist-open-data.s3.amazonaws.com/photos/576933537/medium.jpg","CC-BY-NC",NA,NA
"Rosa rugosa","rugosa rose","2025-10-05",NA,NA,44.221987451,-68.3373856463,"https://www.inaturalist.org/observations/319177566","Kelley Farm Preserve","buffer","Plantae","Plants","Lighthouse Rd, Southwest Harbor, ME, US",5,"captainjoan",1667365,"false","https://inaturalist-open-data.s3.amazonaws.com/photos/576933537/medium.jpg","CC-BY-NC",NA,NA
"Rosa rugosa","rugosa rose","2025-10-05",NA,NA,44.221987451,-68.3373856463,"https://www.inaturalist.org/observations/319177566","Kelley Farm Preserve","buffer","Plantae","Plants","Lighthouse Rd, Southwest Harbor, ME, US",5,"captainjoan",1667365,"false","https://inaturalist-open-data.s3.amazonaws.com/photos/576933537/medium.jpg","CC-BY-NC",NA,NA
"Solanum dulcamara","bittersweet nightshade","2025-09-26",NA,NA,43.7733887,-70.1452233502,"https://www.inaturalist.org/observations/316795726","Lanes Island","buffer","Plantae","Plants","Cousins Island, Yarmouth, ME 04096, USA",1,"megaelim",288988,"false","https://inaturalist-open-data.s3.amazonaws.com/photos/572385067/medium.jpg","CC-BY-NC",NA,NA
"Cornus rugosa","round-leaved dogwood","2025-09-26","Cousins Island, Yarmouth, ME 04096, USA",NA,43.7733905426,-70.1447358213,"https://www.inaturalist.org/observations/316795715","Lanes Island","buffer",NA,NA,NA,NA,NA,NA,NA,NA,NA,NA,NA
"Bolboschoenus maritimus","sea clubrush","2025-09-26","Cousins Island, Yarmouth, ME 04096, USA",NA,43.7735549842,-70.1447823236,"https://www.inaturalist.org/observations/316795735","Lanes Island","buffer",NA,NA,NA,NA,NA,NA,NA,NA,NA,NA,NA
"Toxicodendron rydbergii","western poison ivy","2025-09-26","Tidewater Ln, Yarmouth, ME, US",NA,43.762871331,-70.1380655291,"https://www.inaturalist.org/observations/316982704","Lanes Island","buffer",NA,NA,NA,NA,NA,NA,NA,NA,NA,NA,NA
"Euphorbia cyparissias","cypress spurge","2025-10-06",NA,NA,44.155708313,-68.6677856445,"https://www.inaturalist.org/observations/319154890","Little Camp Island","buffer","Plantae","Plants","Stonington",33,"bmace",828011,"false","https://static.inaturalist.org/photos/576892350/medium.jpg","",NA,NA
"Euphorbia cyparissias","cypress spurge","2025-10-06",NA,NA,44.155708313,-68.6677856445,"https://www.inaturalist.org/observations/319154890","Little Camp Island","buffer","Plantae","Plants","Stonington",33,"bmace",828011,"false","https://static.inaturalist.org/photos/576892350/medium.jpg","",NA,NA
"Euphorbia cyparissias","cypress spurge","2025-10-06",NA,NA,44.155708313,-68.6677856445,"https://www.inaturalist.org/observations/319154890","Little Camp Island","buffer","Plantae","Plants","Stonington",33,"bmace",828011,"false","https://static.inaturalist.org/photos/576892350/medium.jpg","",NA,NA
"Euphorbia cyparissias","cypress spurge","2025-10-06",NA,NA,44.155708313,-68.6677856445,"https://www.inaturalist.org/observations/319154890","Little Camp Island","buffer","Plantae","Plants","Stonington",33,"bmace",828011,"false","https://static.inaturalist.org/photos/576892350/medium.jpg","",NA,NA
"Rosa rugosa","rugosa rose","2025-09-23",NA,NA,44.2291685748,-68.3123782431,"https://www.inaturalist.org/observations/316072908","Manset Fields","buffer","Plantae","Plants","Acadia National Park, Hancock County, US-ME, US",8,"farland_howell",7028089,"false","https://inaturalist-open-data.s3.amazonaws.com/photos/571032997/medium.jpg","CC-BY-NC",NA,NA
"Corema conradii","broom crowberry","2025-09-23","Acadia National Park, Hancock County, US-ME, US",NA,44.231583065,-68.3151853048,"https://www.inaturalist.org/observations/316073278","Manset Fields","buffer",NA,NA,NA,NA,NA,NA,NA,NA,NA,NA,NA
"Symplocarpus foetidus","eastern skunk cabbage","2025-09-23","Acadia National Park, Hancock County, US-ME, US",NA,44.2343598784,-68.3202394178,"https://www.inaturalist.org/observations/316071229","Manset Fields","buffer",NA,NA,NA,NA,NA,NA,NA,NA,NA,NA,NA
"Trichophorum cespitosum","tufted bulrush","2025-09-23","Acadia National Park, Hancock County, US-ME, US",NA,44.2348513766,-68.3206619823,"https://www.inaturalist.org/observations/316071620","Manset Fields","buffer",NA,NA,NA,NA,NA,NA,NA,NA,NA,NA,NA
"Rosa rugosa","rugosa rose","2025-09-22",NA,NA,44.2458233798,-68.3725558339,"https://www.inaturalist.org/observations/315776519","Mitchell Marsh Preserve","buffer","Plantae","Plants","Mount Desert Island, Bernard, ME, US",159,"farland_howell",7028089,"false","https://inaturalist-open-data.s3.amazonaws.com/photos/570479699/medium.jpg","CC-BY-NC",NA,NA
"Spergularia canadensis","canada sand-spurry","2025-09-22","Mount Desert Island, Bernard, ME, US",NA,44.2450355343,-68.3715212795,"https://www.inaturalist.org/observations/315788534","Mitchell Marsh Preserve","buffer",NA,NA,NA,NA,NA,NA,NA,NA,NA,NA,NA
"Solanum dulcamara","bittersweet nightshade","2025-09-24",NA,NA,44.2462779023,-68.3731919051,"https://www.inaturalist.org/observations/316264290","Mitchell Marsh Preserve","buffer","Plantae","Plants","Mount Desert Island, Bernard, ME, US",4,"farland_howell",7028089,"false","https://inaturalist-open-data.s3.amazonaws.com/photos/571396720/medium.jpg","CC-BY-NC",NA,NA
"Teucrium canadense","american germander","2025-09-25","Mount Desert Island, Bernard, ME, US",NA,44.2453214368,-68.3723845917,"https://www.inaturalist.org/observations/316495025","Mitchell Marsh Preserve","buffer",NA,NA,NA,NA,NA,NA,NA,NA,NA,NA,NA
"Solanum dulcamara","bittersweet nightshade","2025-09-26",NA,NA,44.2456403421,-68.3724221742,"https://www.inaturalist.org/observations/316710379","Mitchell Marsh Preserve","buffer","Plantae","Plants","Mount Desert Island, Bernard, ME, US",15,"farland_howell",7028089,"false","https://inaturalist-open-data.s3.amazonaws.com/photos/572240357/medium.jpg","CC-BY-NC",NA,NA
"Rubus hispidus","swamp dewberry","2025-09-26","Mamie's Way, Bass Harbor, ME, US",NA,44.2468609068,-68.3416466776,"https://www.inaturalist.org/observations/316826979","Mitchell Marsh Preserve","buffer",NA,NA,NA,NA,NA,NA,NA,NA,NA,NA,NA
"Rosa rugosa","rugosa rose","2025-10-02",NA,NA,44.221955,-68.3373416667,"https://www.inaturalist.org/observations/318295924","Mitchell Marsh Preserve","buffer","Plantae","Plants","Mount Desert Island, Southwest Harbor, ME, US",159,"ap90",615449,"false","https://inaturalist-open-data.s3.amazonaws.com/photos/575244216/medium.jpg","CC-BY-NC",NA,NA
"Rosa rugosa","rugosa rose","2025-10-02",NA,NA,44.221955,-68.3373416667,"https://www.inaturalist.org/observations/318295924","Mitchell Marsh Preserve","buffer","Plantae","Plants","Mount Desert Island, Southwest Harbor, ME, US",159,"ap90",615449,"false","https://inaturalist-open-data.s3.amazonaws.com/photos/575244216/medium.jpg","CC-BY-NC",NA,NA
"Rosa rugosa","rugosa rose","2025-10-02",NA,NA,44.221955,-68.3373416667,"https://www.inaturalist.org/observations/318295924","Mitchell Marsh Preserve","buffer","Plantae","Plants","Mount Desert Island, Southwest Harbor, ME, US",159,"ap90",615449,"false","https://inaturalist-open-data.s3.amazonaws.com/photos/575244216/medium.jpg","CC-BY-NC",NA,NA
"Rosa rugosa","rugosa rose","2025-10-02",NA,NA,44.221955,-68.3373416667,"https://www.inaturalist.org/observations/318295924","Mitchell Marsh Preserve","buffer","Plantae","Plants","Mount Desert Island, Southwest Harbor, ME, US",159,"ap90",615449,"false","https://inaturalist-open-data.s3.amazonaws.com/photos/575244216/medium.jpg","CC-BY-NC",NA,NA
"Rosa rugosa","rugosa rose","2025-10-05",NA,NA,44.221987451,-68.3373856463,"https://www.inaturalist.org/observations/319177566","Mitchell Marsh Preserve","buffer","Plantae","Plants","Lighthouse Rd, Southwest Harbor, ME, US",5,"captainjoan",1667365,"false","https://inaturalist-open-data.s3.amazonaws.com/photos/576933537/medium.jpg","CC-BY-NC",NA,NA
"Rosa rugosa","rugosa rose","2025-10-05",NA,NA,44.221987451,-68.3373856463,"https://www.inaturalist.org/observations/319177566","Mitchell Marsh Preserve","buffer","Plantae","Plants","Lighthouse Rd, Southwest Harbor, ME, US",5,"captainjoan",1667365,"false","https://inaturalist-open-data.s3.amazonaws.com/photos/576933537/medium.jpg","CC-BY-NC",NA,NA
"Rosa rugosa","rugosa rose","2025-10-05",NA,NA,44.221987451,-68.3373856463,"https://www.inaturalist.org/observations/319177566","Mitchell Marsh Preserve","buffer","Plantae","Plants","Lighthouse Rd, Southwest Harbor, ME, US",5,"captainjoan",1667365,"false","https://inaturalist-open-data.s3.amazonaws.com/photos/576933537/medium.jpg","CC-BY-NC",NA,NA
"Rosa rugosa","rugosa rose","2025-10-05",NA,NA,44.221987451,-68.3373856463,"https://www.inaturalist.org/observations/319177566","Mitchell Marsh Preserve","buffer","Plantae","Plants","Lighthouse Rd, Southwest Harbor, ME, US",5,"captainjoan",1667365,"false","https://inaturalist-open-data.s3.amazonaws.com/photos/576933537/medium.jpg","CC-BY-NC",NA,NA
"Solanum dulcamara","bittersweet nightshade","2025-10-02",NA,NA,44.0905305,-69.0466833333,"https://www.inaturalist.org/observations/318242106","Monroe Island","buffer","Plantae","Plants","Knox County, US-ME, US",4,"jeffbrown-dfw",6524561,"false","https://static.inaturalist.org/photos/575144139/medium.jpg","",NA,NA
"Impatiens glandulifera","himalayan balsam","2025-10-02",NA,NA,44.090575,-69.0466,"https://www.inaturalist.org/observations/318295309","Monroe Island","buffer","Plantae","Plants","Lighthouse Rd, Owls Head, ME, US",30,"ap90",615449,"false","https://inaturalist-open-data.s3.amazonaws.com/photos/575243102/medium.jpg","CC-BY-NC",NA,NA
"Impatiens glandulifera","himalayan balsam","2025-10-02",NA,NA,44.0905195,-69.0466695,"https://www.inaturalist.org/observations/318242063","Monroe Island","buffer","Plantae","Plants","Knox County, US-ME, US",2,"jeffbrown-dfw",6524561,"false","https://static.inaturalist.org/photos/575142880/medium.jpg","",NA,NA
"Rosa rugosa","rugosa rose","2025-10-02",NA,NA,44.0919278807,-69.0442822414,"https://www.inaturalist.org/observations/318220372","Monroe Island","buffer","Plantae","Plants","Lighthouse Rd, Owls Head, ME, US",150,"jeffbrown-dfw",6524561,"false","https://static.inaturalist.org/photos/575142706/medium.jpg","",NA,NA
"Solanum dulcamara","bittersweet nightshade","2025-10-02",NA,NA,44.0905305,-69.0466833333,"https://www.inaturalist.org/observations/318242106","Monroe Island","buffer","Plantae","Plants","Knox County, US-ME, US",4,"jeffbrown-dfw",6524561,"false","https://static.inaturalist.org/photos/575144139/medium.jpg","",NA,NA
"Impatiens glandulifera","himalayan balsam","2025-10-02",NA,NA,44.090575,-69.0466,"https://www.inaturalist.org/observations/318295309","Monroe Island","buffer","Plantae","Plants","Lighthouse Rd, Owls Head, ME, US",30,"ap90",615449,"false","https://inaturalist-open-data.s3.amazonaws.com/photos/575243102/medium.jpg","CC-BY-NC",NA,NA
"Impatiens glandulifera","himalayan balsam","2025-10-02",NA,NA,44.0905195,-69.0466695,"https://www.inaturalist.org/observations/318242063","Monroe Island","buffer","Plantae","Plants","Knox County, US-ME, US",2,"jeffbrown-dfw",6524561,"false","https://static.inaturalist.org/photos/575142880/medium.jpg","",NA,NA
"Rosa rugosa","rugosa rose","2025-10-02",NA,NA,44.0919278807,-69.0442822414,"https://www.inaturalist.org/observations/318220372","Monroe Island","buffer","Plantae","Plants","Lighthouse Rd, Owls Head, ME, US",150,"jeffbrown-dfw",6524561,"false","https://static.inaturalist.org/photos/575142706/medium.jpg","",NA,NA
"Solanum dulcamara","bittersweet nightshade","2025-10-02",NA,NA,44.0905305,-69.0466833333,"https://www.inaturalist.org/observations/318242106","Monroe Island","buffer","Plantae","Plants","Knox County, US-ME, US",4,"jeffbrown-dfw",6524561,"false","https://static.inaturalist.org/photos/575144139/medium.jpg","",NA,NA
"Impatiens glandulifera","himalayan balsam","2025-10-02",NA,NA,44.090575,-69.0466,"https://www.inaturalist.org/observations/318295309","Monroe Island","buffer","Plantae","Plants","Lighthouse Rd, Owls Head, ME, US",30,"ap90",615449,"false","https://inaturalist-open-data.s3.amazonaws.com/photos/575243102/medium.jpg","CC-BY-NC",NA,NA
"Impatiens glandulifera","himalayan balsam","2025-10-02",NA,NA,44.0905195,-69.0466695,"https://www.inaturalist.org/observations/318242063","Monroe Island","buffer","Plantae","Plants","Knox County, US-ME, US",2,"jeffbrown-dfw",6524561,"false","https://static.inaturalist.org/photos/575142880/medium.jpg","",NA,NA
"Rosa rugosa","rugosa rose","2025-10-02",NA,NA,44.0919278807,-69.0442822414,"https://www.inaturalist.org/observations/318220372","Monroe Island","buffer","Plantae","Plants","Lighthouse Rd, Owls Head, ME, US",150,"jeffbrown-dfw",6524561,"false","https://static.inaturalist.org/photos/575142706/medium.jpg","",NA,NA
"Solanum dulcamara","bittersweet nightshade","2025-10-02",NA,NA,44.0905305,-69.0466833333,"https://www.inaturalist.org/observations/318242106","Monroe Island","buffer","Plantae","Plants","Knox County, US-ME, US",4,"jeffbrown-dfw",6524561,"false","https://static.inaturalist.org/photos/575144139/medium.jpg","",NA,NA
"Impatiens glandulifera","himalayan balsam","2025-10-02",NA,NA,44.090575,-69.0466,"https://www.inaturalist.org/observations/318295309","Monroe Island","buffer","Plantae","Plants","Lighthouse Rd, Owls Head, ME, US",30,"ap90",615449,"false","https://inaturalist-open-data.s3.amazonaws.com/photos/575243102/medium.jpg","CC-BY-NC",NA,NA
"Impatiens glandulifera","himalayan balsam","2025-10-02",NA,NA,44.0905195,-69.0466695,"https://www.inaturalist.org/observations/318242063","Monroe Island","buffer","Plantae","Plants","Knox County, US-ME, US",2,"jeffbrown-dfw",6524561,"false","https://static.inaturalist.org/photos/575142880/medium.jpg","",NA,NA
"Rosa rugosa","rugosa rose","2025-10-02",NA,NA,44.0919278807,-69.0442822414,"https://www.inaturalist.org/observations/318220372","Monroe Island","buffer","Plantae","Plants","Lighthouse Rd, Owls Head, ME, US",150,"jeffbrown-dfw",6524561,"false","https://static.inaturalist.org/photos/575142706/medium.jpg","",NA,NA
"Rosa rugosa","rugosa rose","2025-09-23",NA,NA,44.3895529821,-68.0858245054,"https://www.inaturalist.org/observations/316108357","Ned Island","buffer","Plantae","Plants","Harbor Rd, Winter Harbor, ME, US",76,"alanders",3204490,"false","https://static.inaturalist.org/photos/571099160/medium.jpg","",NA,NA
"Rubus hispidus","swamp dewberry","2025-09-23","Schoodic Point, Acadia National Park, Hancock County, US-ME, US",NA,44.3461331332,-68.067978446,"https://www.inaturalist.org/observations/316268869","Ned Island","buffer",NA,NA,NA,NA,NA,NA,NA,NA,NA,NA,NA
"Centaurea stoebe","spotted knapweed","2025-09-24",NA,NA,44.3796830473,-68.0668875157,"https://www.inaturalist.org/observations/316337283","Ned Island","buffer","Plantae","Plants","Acadia National Park, Hancock County, US-ME, US",4,"farland_howell",7028089,"false","https://inaturalist-open-data.s3.amazonaws.com/photos/571530525/medium.jpg","CC-BY-NC",NA,NA
"Rubus hispidus","swamp dewberry","2025-10-05","Acadia National Park, Hancock County, US-ME, US",NA,44.3778442997,-68.0567633997,"https://www.inaturalist.org/observations/319254136","Ned Island","buffer",NA,NA,NA,NA,NA,NA,NA,NA,NA,NA,NA
"Rubus hispidus","swamp dewberry","2025-10-05","Acadia National Park, Hancock County, US-ME, US",NA,44.3778442997,-68.0567633997,"https://www.inaturalist.org/observations/319254136","Ned Island","buffer",NA,NA,NA,NA,NA,NA,NA,NA,NA,NA,NA
"Rubus hispidus","swamp dewberry","2025-10-05","Acadia National Park, Hancock County, US-ME, US",NA,44.3778442997,-68.0567633997,"https://www.inaturalist.org/observations/319254136","Ned Island","buffer",NA,NA,NA,NA,NA,NA,NA,NA,NA,NA,NA
"Rubus hispidus","swamp dewberry","2025-10-05","Acadia National Park, Hancock County, US-ME, US",NA,44.3778442997,-68.0567633997,"https://www.inaturalist.org/observations/319254136","Ned Island","buffer",NA,NA,NA,NA,NA,NA,NA,NA,NA,NA,NA
"Spergularia marina","saltmarsh sand spurry","2025-10-06","Winter Harbor, ME 04693, USA",NA,44.3843031997,-68.0727246,"https://www.inaturalist.org/observations/319346775","Ned Island","buffer",NA,NA,NA,NA,NA,NA,NA,NA,NA,NA,NA
"Spergularia marina","saltmarsh sand spurry","2025-10-06","Winter Harbor, ME 04693, USA",NA,44.3843031997,-68.0727246,"https://www.inaturalist.org/observations/319346775","Ned Island","buffer",NA,NA,NA,NA,NA,NA,NA,NA,NA,NA,NA
"Spergularia marina","saltmarsh sand spurry","2025-10-06","Winter Harbor, ME 04693, USA",NA,44.3843031997,-68.0727246,"https://www.inaturalist.org/observations/319346775","Ned Island","buffer",NA,NA,NA,NA,NA,NA,NA,NA,NA,NA,NA
"Spergularia marina","saltmarsh sand spurry","2025-10-06","Winter Harbor, ME 04693, USA",NA,44.3843031997,-68.0727246,"https://www.inaturalist.org/observations/319346775","Ned Island","buffer",NA,NA,NA,NA,NA,NA,NA,NA,NA,NA,NA
"Euthamia graminifolia","flat-topped goldenrod","2025-09-24","Echo Lake Beach Rd, Mount Desert, ME, US",NA,44.314975,-68.3362366667,"https://www.inaturalist.org/observations/316432185","Norumbega Mountain Preserve","buffer",NA,NA,NA,NA,NA,NA,NA,NA,NA,NA,NA
"Litylenchus crenatae","beech leaf disease","2025-09-26",NA,NA,44.3296681586,-68.2903323323,"https://www.inaturalist.org/observations/316885717","Norumbega Mountain Preserve","buffer","Animalia","Other animals","Mt Desert, ME 04660, USA",360,"momtodem",3028240,"false","https://static.inaturalist.org/photos/572566964/medium.jpg","",NA,NA
"Rosa rugosa","rugosa rose","2025-09-26",NA,NA,44.294825,-68.2852083333,"https://www.inaturalist.org/observations/317039315","Norumbega Mountain Preserve","buffer","Plantae","Plants","Northeast Harbor, Mt Desert, ME 04662, USA",NA,"pobrito",1397174,"false","https://inaturalist-open-data.s3.amazonaws.com/photos/572846798/medium.jpg","CC0",NA,NA
"Solidago flexicaulis","broad-leaved goldenrod","2025-10-05","Acadia National Park, Mount Desert, ME, US",NA,44.3295666667,-68.2624133333,"https://www.inaturalist.org/observations/318971761","Norumbega Mountain Preserve","buffer",NA,NA,NA,NA,NA,NA,NA,NA,NA,NA,NA
"Cornus rugosa","round-leaved dogwood","2025-10-05","Acadia National Park, Mount Desert, ME, US",NA,44.3295783333,-68.2624283333,"https://www.inaturalist.org/observations/318971664","Norumbega Mountain Preserve","buffer",NA,NA,NA,NA,NA,NA,NA,NA,NA,NA,NA
"Solidago flexicaulis","broad-leaved goldenrod","2025-10-05","Acadia National Park, Mount Desert, ME, US",NA,44.3295666667,-68.2624133333,"https://www.inaturalist.org/observations/318971761","Norumbega Mountain Preserve","buffer",NA,NA,NA,NA,NA,NA,NA,NA,NA,NA,NA
"Cornus rugosa","round-leaved dogwood","2025-10-05","Acadia National Park, Mount Desert, ME, US",NA,44.3295783333,-68.2624283333,"https://www.inaturalist.org/observations/318971664","Norumbega Mountain Preserve","buffer",NA,NA,NA,NA,NA,NA,NA,NA,NA,NA,NA
"Solidago flexicaulis","broad-leaved goldenrod","2025-10-05","Acadia National Park, Mount Desert, ME, US",NA,44.3295666667,-68.2624133333,"https://www.inaturalist.org/observations/318971761","Norumbega Mountain Preserve","buffer",NA,NA,NA,NA,NA,NA,NA,NA,NA,NA,NA
"Cornus rugosa","round-leaved dogwood","2025-10-05","Acadia National Park, Mount Desert, ME, US",NA,44.3295783333,-68.2624283333,"https://www.inaturalist.org/observations/318971664","Norumbega Mountain Preserve","buffer",NA,NA,NA,NA,NA,NA,NA,NA,NA,NA,NA
"Solidago flexicaulis","broad-leaved goldenrod","2025-10-05","Acadia National Park, Mount Desert, ME, US",NA,44.3295666667,-68.2624133333,"https://www.inaturalist.org/observations/318971761","Norumbega Mountain Preserve","buffer",NA,NA,NA,NA,NA,NA,NA,NA,NA,NA,NA
"Cornus rugosa","round-leaved dogwood","2025-10-05","Acadia National Park, Mount Desert, ME, US",NA,44.3295783333,-68.2624283333,"https://www.inaturalist.org/observations/318971664","Norumbega Mountain Preserve","buffer",NA,NA,NA,NA,NA,NA,NA,NA,NA,NA,NA
"Tussilago farfara","colt's-foot","2025-09-28",NA,NA,44.44372192,-68.31750211,"https://www.inaturalist.org/observations/317289820","Old Point Preserve","buffer","Plantae","Plants","Bar Harbor, ME 04609, USA",3,"nowur1ofus",7451169,"false","https://inaturalist-open-data.s3.amazonaws.com/photos/573324050/medium.jpg","CC-BY-NC",NA,NA
"Tussilago farfara","colt's-foot","2025-09-28",NA,NA,44.44372192,-68.31750211,"https://www.inaturalist.org/observations/317289820","Old Point Preserve","buffer","Plantae","Plants","Bar Harbor, ME 04609, USA",3,"nowur1ofus",7451169,"false","https://inaturalist-open-data.s3.amazonaws.com/photos/573324050/medium.jpg","CC-BY-NC",NA,NA
"Teucrium canadense","american germander","2025-10-02","Lamoine, ME, US",NA,44.450972323,-68.2995513172,"https://www.inaturalist.org/observations/318237563","Old Point Preserve","buffer",NA,NA,NA,NA,NA,NA,NA,NA,NA,NA,NA
"Teucrium canadense","american germander","2025-10-02","Lamoine, ME, US",NA,44.450972323,-68.2995513172,"https://www.inaturalist.org/observations/318237563","Old Point Preserve","buffer",NA,NA,NA,NA,NA,NA,NA,NA,NA,NA,NA
"Teucrium canadense","american germander","2025-10-02","Lamoine, ME, US",NA,44.450972323,-68.2995513172,"https://www.inaturalist.org/observations/318237563","Old Point Preserve","buffer",NA,NA,NA,NA,NA,NA,NA,NA,NA,NA,NA
"Teucrium canadense","american germander","2025-10-02","Lamoine, ME, US",NA,44.450972323,-68.2995513172,"https://www.inaturalist.org/observations/318237563","Old Point Preserve","buffer",NA,NA,NA,NA,NA,NA,NA,NA,NA,NA,NA
"Teucrium canadense","american germander","2025-10-02","Lamoine, ME, US",NA,44.450972323,-68.2995513172,"https://www.inaturalist.org/observations/318237563","Old Point Preserve","buffer",NA,NA,NA,NA,NA,NA,NA,NA,NA,NA,NA
"Teucrium canadense","american germander","2025-10-02","Lamoine, ME, US",NA,44.450972323,-68.2995513172,"https://www.inaturalist.org/observations/318237563","Old Point Preserve","buffer",NA,NA,NA,NA,NA,NA,NA,NA,NA,NA,NA
"Teucrium canadense","american germander","2025-10-02","Lamoine, ME, US",NA,44.450972323,-68.2995513172,"https://www.inaturalist.org/observations/318237563","Old Point Preserve","buffer",NA,NA,NA,NA,NA,NA,NA,NA,NA,NA,NA
"Teucrium canadense","american germander","2025-10-02","Lamoine, ME, US",NA,44.450972323,-68.2995513172,"https://www.inaturalist.org/observations/318237563","Old Point Preserve","buffer",NA,NA,NA,NA,NA,NA,NA,NA,NA,NA,NA
"Rosa rugosa","rugosa rose","2025-10-03",NA,NA,44.4736336638,-68.3090467752,"https://www.inaturalist.org/observations/318454726","Old Point Preserve","buffer","Plantae","Plants","Walker Rd, Lamoine, ME, US",4,"damonbayard",9474606,"false","https://inaturalist-open-data.s3.amazonaws.com/photos/575550092/medium.jpg","CC-BY-NC",NA,NA
"Rosa rugosa","rugosa rose","2025-10-03",NA,NA,44.4736336638,-68.3090467752,"https://www.inaturalist.org/observations/318454726","Old Point Preserve","buffer","Plantae","Plants","Walker Rd, Lamoine, ME, US",4,"damonbayard",9474606,"false","https://inaturalist-open-data.s3.amazonaws.com/photos/575550092/medium.jpg","CC-BY-NC",NA,NA
"Rosa rugosa","rugosa rose","2025-10-03",NA,NA,44.4736336638,-68.3090467752,"https://www.inaturalist.org/observations/318454726","Old Point Preserve","buffer","Plantae","Plants","Walker Rd, Lamoine, ME, US",4,"damonbayard",9474606,"false","https://inaturalist-open-data.s3.amazonaws.com/photos/575550092/medium.jpg","CC-BY-NC",NA,NA
"Rosa rugosa","rugosa rose","2025-10-03",NA,NA,44.4736336638,-68.3090467752,"https://www.inaturalist.org/observations/318454726","Old Point Preserve","buffer","Plantae","Plants","Walker Rd, Lamoine, ME, US",4,"damonbayard",9474606,"false","https://inaturalist-open-data.s3.amazonaws.com/photos/575550092/medium.jpg","CC-BY-NC",NA,NA
"Rosa rugosa","rugosa rose","2025-10-03",NA,NA,44.4736336638,-68.3090467752,"https://www.inaturalist.org/observations/318454726","Old Point Preserve","buffer","Plantae","Plants","Walker Rd, Lamoine, ME, US",4,"damonbayard",9474606,"false","https://inaturalist-open-data.s3.amazonaws.com/photos/575550092/medium.jpg","CC-BY-NC",NA,NA
"Rosa rugosa","rugosa rose","2025-10-03",NA,NA,44.4736336638,-68.3090467752,"https://www.inaturalist.org/observations/318454726","Old Point Preserve","buffer","Plantae","Plants","Walker Rd, Lamoine, ME, US",4,"damonbayard",9474606,"false","https://inaturalist-open-data.s3.amazonaws.com/photos/575550092/medium.jpg","CC-BY-NC",NA,NA
"Rosa rugosa","rugosa rose","2025-10-03",NA,NA,44.4736336638,-68.3090467752,"https://www.inaturalist.org/observations/318454726","Old Point Preserve","buffer","Plantae","Plants","Walker Rd, Lamoine, ME, US",4,"damonbayard",9474606,"false","https://inaturalist-open-data.s3.amazonaws.com/photos/575550092/medium.jpg","CC-BY-NC",NA,NA
"Rosa rugosa","rugosa rose","2025-10-03",NA,NA,44.4736336638,-68.3090467752,"https://www.inaturalist.org/observations/318454726","Old Point Preserve","buffer","Plantae","Plants","Walker Rd, Lamoine, ME, US",4,"damonbayard",9474606,"false","https://inaturalist-open-data.s3.amazonaws.com/photos/575550092/medium.jpg","CC-BY-NC",NA,NA
"Rosa rugosa","rugosa rose","2025-09-22",NA,NA,44.1543101846,-68.6906299834,"https://www.inaturalist.org/observations/316055002","Sand Island","buffer","Plantae","Plants","Hancock County, US-ME, US",6,"mazelife",2492413,"false","https://inaturalist-open-data.s3.amazonaws.com/photos/571000602/medium.jpg","CC-BY-NC",NA,NA
"Euphorbia cyparissias","cypress spurge","2025-10-06",NA,NA,44.155708313,-68.6677856445,"https://www.inaturalist.org/observations/319154890","Sand Island","buffer","Plantae","Plants","Stonington",33,"bmace",828011,"false","https://static.inaturalist.org/photos/576892350/medium.jpg","",NA,NA
"Euphorbia cyparissias","cypress spurge","2025-10-06",NA,NA,44.155708313,-68.6677856445,"https://www.inaturalist.org/observations/319154890","Sand Island","buffer","Plantae","Plants","Stonington",33,"bmace",828011,"false","https://static.inaturalist.org/photos/576892350/medium.jpg","",NA,NA
"Euphorbia cyparissias","cypress spurge","2025-10-06",NA,NA,44.155708313,-68.6677856445,"https://www.inaturalist.org/observations/319154890","Sand Island","buffer","Plantae","Plants","Stonington",33,"bmace",828011,"false","https://static.inaturalist.org/photos/576892350/medium.jpg","",NA,NA
"Euphorbia cyparissias","cypress spurge","2025-10-06",NA,NA,44.155708313,-68.6677856445,"https://www.inaturalist.org/observations/319154890","Sand Island","buffer","Plantae","Plants","Stonington",33,"bmace",828011,"false","https://static.inaturalist.org/photos/576892350/medium.jpg","",NA,NA
"Rosa rugosa","rugosa rose","2025-09-23",NA,NA,44.3895529821,-68.0858245054,"https://www.inaturalist.org/observations/316108357","Schoodic Forest","buffer","Plantae","Plants","Harbor Rd, Winter Harbor, ME, US",76,"alanders",3204490,"false","https://static.inaturalist.org/photos/571099160/medium.jpg","",NA,NA
"Spiraea alba","white meadowsweet","2025-09-23","Schoodic Loop Rd, Bar Harbor, ME, US",NA,44.3644573906,-68.0380867725,"https://www.inaturalist.org/observations/316269223","Schoodic Forest","buffer",NA,NA,NA,NA,NA,NA,NA,NA,NA,NA,NA
"Centaurea stoebe","spotted knapweed","2025-09-24",NA,NA,44.3796830473,-68.0668875157,"https://www.inaturalist.org/observations/316337283","Schoodic Forest","buffer","Plantae","Plants","Acadia National Park, Hancock County, US-ME, US",4,"farland_howell",7028089,"false","https://inaturalist-open-data.s3.amazonaws.com/photos/571530525/medium.jpg","CC-BY-NC",NA,NA
"Rubus hispidus","swamp dewberry","2025-10-05","Acadia National Park, Hancock County, US-ME, US",NA,44.3778442997,-68.0567633997,"https://www.inaturalist.org/observations/319254136","Schoodic Forest","buffer",NA,NA,NA,NA,NA,NA,NA,NA,NA,NA,NA
"Rubus hispidus","swamp dewberry","2025-10-05","Acadia National Park, Hancock County, US-ME, US",NA,44.3778442997,-68.0567633997,"https://www.inaturalist.org/observations/319254136","Schoodic Forest","buffer",NA,NA,NA,NA,NA,NA,NA,NA,NA,NA,NA
"Rubus hispidus","swamp dewberry","2025-10-05","Acadia National Park, Hancock County, US-ME, US",NA,44.3778442997,-68.0567633997,"https://www.inaturalist.org/observations/319254136","Schoodic Forest","buffer",NA,NA,NA,NA,NA,NA,NA,NA,NA,NA,NA
"Rubus hispidus","swamp dewberry","2025-10-05","Acadia National Park, Hancock County, US-ME, US",NA,44.3778442997,-68.0567633997,"https://www.inaturalist.org/observations/319254136","Schoodic Forest","buffer",NA,NA,NA,NA,NA,NA,NA,NA,NA,NA,NA
"Spergularia marina","saltmarsh sand spurry","2025-10-06","Winter Harbor, ME 04693, USA",NA,44.3843031997,-68.0727246,"https://www.inaturalist.org/observations/319346775","Schoodic Forest","buffer",NA,NA,NA,NA,NA,NA,NA,NA,NA,NA,NA
"Spergularia marina","saltmarsh sand spurry","2025-10-06","Winter Harbor, ME 04693, USA",NA,44.3843031997,-68.0727246,"https://www.inaturalist.org/observations/319346775","Schoodic Forest","buffer",NA,NA,NA,NA,NA,NA,NA,NA,NA,NA,NA
"Spergularia marina","saltmarsh sand spurry","2025-10-06","Winter Harbor, ME 04693, USA",NA,44.3843031997,-68.0727246,"https://www.inaturalist.org/observations/319346775","Schoodic Forest","buffer",NA,NA,NA,NA,NA,NA,NA,NA,NA,NA,NA
"Spergularia marina","saltmarsh sand spurry","2025-10-06","Winter Harbor, ME 04693, USA",NA,44.3843031997,-68.0727246,"https://www.inaturalist.org/observations/319346775","Schoodic Forest","buffer",NA,NA,NA,NA,NA,NA,NA,NA,NA,NA,NA
"Spiraea alba","white meadowsweet","2025-09-23","Schoodic Loop Rd, Bar Harbor, ME, US",NA,44.3644573906,-68.0380867725,"https://www.inaturalist.org/observations/316269223","Schoodic Woods East","buffer",NA,NA,NA,NA,NA,NA,NA,NA,NA,NA,NA
"Centaurea stoebe","spotted knapweed","2025-09-24",NA,NA,44.3796830473,-68.0668875157,"https://www.inaturalist.org/observations/316337283","Schoodic Woods East","buffer","Plantae","Plants","Acadia National Park, Hancock County, US-ME, US",4,"farland_howell",7028089,"false","https://inaturalist-open-data.s3.amazonaws.com/photos/571530525/medium.jpg","CC-BY-NC",NA,NA
"Corema conradii","broom crowberry","2025-09-24","Acadia National Park, Bar Harbor, ME, US",NA,44.344009411,-68.0493501726,"https://www.inaturalist.org/observations/316399030","Schoodic Woods East","buffer",NA,NA,NA,NA,NA,NA,NA,NA,NA,NA,NA
"Toxicodendron radicans","eastern poison ivy","2025-09-24","Acadia National Park, Bar Harbor, ME, US",NA,44.3465485643,-68.0505726825,"https://www.inaturalist.org/observations/316398956","Schoodic Woods East","buffer",NA,NA,NA,NA,NA,NA,NA,NA,NA,NA,NA
"Rubus hispidus","swamp dewberry","2025-10-05","Acadia National Park, Hancock County, US-ME, US",NA,44.3778442997,-68.0567633997,"https://www.inaturalist.org/observations/319254136","Schoodic Woods East","buffer",NA,NA,NA,NA,NA,NA,NA,NA,NA,NA,NA
"Rubus hispidus","swamp dewberry","2025-10-05","Acadia National Park, Hancock County, US-ME, US",NA,44.3778442997,-68.0567633997,"https://www.inaturalist.org/observations/319254136","Schoodic Woods East","buffer",NA,NA,NA,NA,NA,NA,NA,NA,NA,NA,NA
"Rubus hispidus","swamp dewberry","2025-10-05","Acadia National Park, Hancock County, US-ME, US",NA,44.3778442997,-68.0567633997,"https://www.inaturalist.org/observations/319254136","Schoodic Woods East","buffer",NA,NA,NA,NA,NA,NA,NA,NA,NA,NA,NA
"Rubus hispidus","swamp dewberry","2025-10-05","Acadia National Park, Hancock County, US-ME, US",NA,44.3778442997,-68.0567633997,"https://www.inaturalist.org/observations/319254136","Schoodic Woods East","buffer",NA,NA,NA,NA,NA,NA,NA,NA,NA,NA,NA
"Spergularia marina","saltmarsh sand spurry","2025-10-06","Winter Harbor, ME 04693, USA",NA,44.3843031997,-68.0727246,"https://www.inaturalist.org/observations/319346775","Schoodic Woods East","buffer",NA,NA,NA,NA,NA,NA,NA,NA,NA,NA,NA
"Spergularia marina","saltmarsh sand spurry","2025-10-06","Winter Harbor, ME 04693, USA",NA,44.3843031997,-68.0727246,"https://www.inaturalist.org/observations/319346775","Schoodic Woods East","buffer",NA,NA,NA,NA,NA,NA,NA,NA,NA,NA,NA
"Spergularia marina","saltmarsh sand spurry","2025-10-06","Winter Harbor, ME 04693, USA",NA,44.3843031997,-68.0727246,"https://www.inaturalist.org/observations/319346775","Schoodic Woods East","buffer",NA,NA,NA,NA,NA,NA,NA,NA,NA,NA,NA
"Spergularia marina","saltmarsh sand spurry","2025-10-06","Winter Harbor, ME 04693, USA",NA,44.3843031997,-68.0727246,"https://www.inaturalist.org/observations/319346775","Schoodic Woods East","buffer",NA,NA,NA,NA,NA,NA,NA,NA,NA,NA,NA
"Solanum dulcamara","bittersweet nightshade","2025-10-02",NA,NA,44.0905305,-69.0466833333,"https://www.inaturalist.org/observations/318242106","Sheep Island","buffer","Plantae","Plants","Knox County, US-ME, US",4,"jeffbrown-dfw",6524561,"false","https://static.inaturalist.org/photos/575144139/medium.jpg","",NA,NA
"Solanum dulcamara","bittersweet nightshade","2025-10-02",NA,NA,44.0905305,-69.0466833333,"https://www.inaturalist.org/observations/318242106","Sheep Island","buffer","Plantae","Plants","Knox County, US-ME, US",4,"jeffbrown-dfw",6524561,"false","https://static.inaturalist.org/photos/575144139/medium.jpg","",NA,NA
"Impatiens glandulifera","himalayan balsam","2025-10-02",NA,NA,44.090575,-69.0466,"https://www.inaturalist.org/observations/318295309","Sheep Island","buffer","Plantae","Plants","Lighthouse Rd, Owls Head, ME, US",30,"ap90",615449,"false","https://inaturalist-open-data.s3.amazonaws.com/photos/575243102/medium.jpg","CC-BY-NC",NA,NA
"Impatiens glandulifera","himalayan balsam","2025-10-02",NA,NA,44.090575,-69.0466,"https://www.inaturalist.org/observations/318295309","Sheep Island","buffer","Plantae","Plants","Lighthouse Rd, Owls Head, ME, US",30,"ap90",615449,"false","https://inaturalist-open-data.s3.amazonaws.com/photos/575243102/medium.jpg","CC-BY-NC",NA,NA
"Impatiens glandulifera","himalayan balsam","2025-10-02",NA,NA,44.0905195,-69.0466695,"https://www.inaturalist.org/observations/318242063","Sheep Island","buffer","Plantae","Plants","Knox County, US-ME, US",2,"jeffbrown-dfw",6524561,"false","https://static.inaturalist.org/photos/575142880/medium.jpg","",NA,NA
"Impatiens glandulifera","himalayan balsam","2025-10-02",NA,NA,44.0905195,-69.0466695,"https://www.inaturalist.org/observations/318242063","Sheep Island","buffer","Plantae","Plants","Knox County, US-ME, US",2,"jeffbrown-dfw",6524561,"false","https://static.inaturalist.org/photos/575142880/medium.jpg","",NA,NA
"Rosa rugosa","rugosa rose","2025-10-02",NA,NA,44.0919278807,-69.0442822414,"https://www.inaturalist.org/observations/318220372","Sheep Island","buffer","Plantae","Plants","Lighthouse Rd, Owls Head, ME, US",150,"jeffbrown-dfw",6524561,"false","https://static.inaturalist.org/photos/575142706/medium.jpg","",NA,NA
"Rosa rugosa","rugosa rose","2025-10-02",NA,NA,44.0919278807,-69.0442822414,"https://www.inaturalist.org/observations/318220372","Sheep Island","buffer","Plantae","Plants","Lighthouse Rd, Owls Head, ME, US",150,"jeffbrown-dfw",6524561,"false","https://static.inaturalist.org/photos/575142706/medium.jpg","",NA,NA
"Solanum dulcamara","bittersweet nightshade","2025-10-02",NA,NA,44.0905305,-69.0466833333,"https://www.inaturalist.org/observations/318242106","Sheep Island","buffer","Plantae","Plants","Knox County, US-ME, US",4,"jeffbrown-dfw",6524561,"false","https://static.inaturalist.org/photos/575144139/medium.jpg","",NA,NA
"Solanum dulcamara","bittersweet nightshade","2025-10-02",NA,NA,44.0905305,-69.0466833333,"https://www.inaturalist.org/observations/318242106","Sheep Island","buffer","Plantae","Plants","Knox County, US-ME, US",4,"jeffbrown-dfw",6524561,"false","https://static.inaturalist.org/photos/575144139/medium.jpg","",NA,NA
"Impatiens glandulifera","himalayan balsam","2025-10-02",NA,NA,44.090575,-69.0466,"https://www.inaturalist.org/observations/318295309","Sheep Island","buffer","Plantae","Plants","Lighthouse Rd, Owls Head, ME, US",30,"ap90",615449,"false","https://inaturalist-open-data.s3.amazonaws.com/photos/575243102/medium.jpg","CC-BY-NC",NA,NA
"Impatiens glandulifera","himalayan balsam","2025-10-02",NA,NA,44.090575,-69.0466,"https://www.inaturalist.org/observations/318295309","Sheep Island","buffer","Plantae","Plants","Lighthouse Rd, Owls Head, ME, US",30,"ap90",615449,"false","https://inaturalist-open-data.s3.amazonaws.com/photos/575243102/medium.jpg","CC-BY-NC",NA,NA
"Impatiens glandulifera","himalayan balsam","2025-10-02",NA,NA,44.0905195,-69.0466695,"https://www.inaturalist.org/observations/318242063","Sheep Island","buffer","Plantae","Plants","Knox County, US-ME, US",2,"jeffbrown-dfw",6524561,"false","https://static.inaturalist.org/photos/575142880/medium.jpg","",NA,NA
"Impatiens glandulifera","himalayan balsam","2025-10-02",NA,NA,44.0905195,-69.0466695,"https://www.inaturalist.org/observations/318242063","Sheep Island","buffer","Plantae","Plants","Knox County, US-ME, US",2,"jeffbrown-dfw",6524561,"false","https://static.inaturalist.org/photos/575142880/medium.jpg","",NA,NA
"Rosa rugosa","rugosa rose","2025-10-02",NA,NA,44.0919278807,-69.0442822414,"https://www.inaturalist.org/observations/318220372","Sheep Island","buffer","Plantae","Plants","Lighthouse Rd, Owls Head, ME, US",150,"jeffbrown-dfw",6524561,"false","https://static.inaturalist.org/photos/575142706/medium.jpg","",NA,NA
"Rosa rugosa","rugosa rose","2025-10-02",NA,NA,44.0919278807,-69.0442822414,"https://www.inaturalist.org/observations/318220372","Sheep Island","buffer","Plantae","Plants","Lighthouse Rd, Owls Head, ME, US",150,"jeffbrown-dfw",6524561,"false","https://static.inaturalist.org/photos/575142706/medium.jpg","",NA,NA
"Solanum dulcamara","bittersweet nightshade","2025-10-02",NA,NA,44.0905305,-69.0466833333,"https://www.inaturalist.org/observations/318242106","Sheep Island","buffer","Plantae","Plants","Knox County, US-ME, US",4,"jeffbrown-dfw",6524561,"false","https://static.inaturalist.org/photos/575144139/medium.jpg","",NA,NA
"Solanum dulcamara","bittersweet nightshade","2025-10-02",NA,NA,44.0905305,-69.0466833333,"https://www.inaturalist.org/observations/318242106","Sheep Island","buffer","Plantae","Plants","Knox County, US-ME, US",4,"jeffbrown-dfw",6524561,"false","https://static.inaturalist.org/photos/575144139/medium.jpg","",NA,NA
"Impatiens glandulifera","himalayan balsam","2025-10-02",NA,NA,44.090575,-69.0466,"https://www.inaturalist.org/observations/318295309","Sheep Island","buffer","Plantae","Plants","Lighthouse Rd, Owls Head, ME, US",30,"ap90",615449,"false","https://inaturalist-open-data.s3.amazonaws.com/photos/575243102/medium.jpg","CC-BY-NC",NA,NA
"Impatiens glandulifera","himalayan balsam","2025-10-02",NA,NA,44.090575,-69.0466,"https://www.inaturalist.org/observations/318295309","Sheep Island","buffer","Plantae","Plants","Lighthouse Rd, Owls Head, ME, US",30,"ap90",615449,"false","https://inaturalist-open-data.s3.amazonaws.com/photos/575243102/medium.jpg","CC-BY-NC",NA,NA
"Impatiens glandulifera","himalayan balsam","2025-10-02",NA,NA,44.0905195,-69.0466695,"https://www.inaturalist.org/observations/318242063","Sheep Island","buffer","Plantae","Plants","Knox County, US-ME, US",2,"jeffbrown-dfw",6524561,"false","https://static.inaturalist.org/photos/575142880/medium.jpg","",NA,NA
"Impatiens glandulifera","himalayan balsam","2025-10-02",NA,NA,44.0905195,-69.0466695,"https://www.inaturalist.org/observations/318242063","Sheep Island","buffer","Plantae","Plants","Knox County, US-ME, US",2,"jeffbrown-dfw",6524561,"false","https://static.inaturalist.org/photos/575142880/medium.jpg","",NA,NA
"Rosa rugosa","rugosa rose","2025-10-02",NA,NA,44.0919278807,-69.0442822414,"https://www.inaturalist.org/observations/318220372","Sheep Island","buffer","Plantae","Plants","Lighthouse Rd, Owls Head, ME, US",150,"jeffbrown-dfw",6524561,"false","https://static.inaturalist.org/photos/575142706/medium.jpg","",NA,NA
"Rosa rugosa","rugosa rose","2025-10-02",NA,NA,44.0919278807,-69.0442822414,"https://www.inaturalist.org/observations/318220372","Sheep Island","buffer","Plantae","Plants","Lighthouse Rd, Owls Head, ME, US",150,"jeffbrown-dfw",6524561,"false","https://static.inaturalist.org/photos/575142706/medium.jpg","",NA,NA
"Solanum dulcamara","bittersweet nightshade","2025-10-02",NA,NA,44.0905305,-69.0466833333,"https://www.inaturalist.org/observations/318242106","Sheep Island","buffer","Plantae","Plants","Knox County, US-ME, US",4,"jeffbrown-dfw",6524561,"false","https://static.inaturalist.org/photos/575144139/medium.jpg","",NA,NA
"Solanum dulcamara","bittersweet nightshade","2025-10-02",NA,NA,44.0905305,-69.0466833333,"https://www.inaturalist.org/observations/318242106","Sheep Island","buffer","Plantae","Plants","Knox County, US-ME, US",4,"jeffbrown-dfw",6524561,"false","https://static.inaturalist.org/photos/575144139/medium.jpg","",NA,NA
"Impatiens glandulifera","himalayan balsam","2025-10-02",NA,NA,44.090575,-69.0466,"https://www.inaturalist.org/observations/318295309","Sheep Island","buffer","Plantae","Plants","Lighthouse Rd, Owls Head, ME, US",30,"ap90",615449,"false","https://inaturalist-open-data.s3.amazonaws.com/photos/575243102/medium.jpg","CC-BY-NC",NA,NA
"Impatiens glandulifera","himalayan balsam","2025-10-02",NA,NA,44.090575,-69.0466,"https://www.inaturalist.org/observations/318295309","Sheep Island","buffer","Plantae","Plants","Lighthouse Rd, Owls Head, ME, US",30,"ap90",615449,"false","https://inaturalist-open-data.s3.amazonaws.com/photos/575243102/medium.jpg","CC-BY-NC",NA,NA
"Impatiens glandulifera","himalayan balsam","2025-10-02",NA,NA,44.0905195,-69.0466695,"https://www.inaturalist.org/observations/318242063","Sheep Island","buffer","Plantae","Plants","Knox County, US-ME, US",2,"jeffbrown-dfw",6524561,"false","https://static.inaturalist.org/photos/575142880/medium.jpg","",NA,NA
"Impatiens glandulifera","himalayan balsam","2025-10-02",NA,NA,44.0905195,-69.0466695,"https://www.inaturalist.org/observations/318242063","Sheep Island","buffer","Plantae","Plants","Knox County, US-ME, US",2,"jeffbrown-dfw",6524561,"false","https://static.inaturalist.org/photos/575142880/medium.jpg","",NA,NA
"Rosa rugosa","rugosa rose","2025-10-02",NA,NA,44.0919278807,-69.0442822414,"https://www.inaturalist.org/observations/318220372","Sheep Island","buffer","Plantae","Plants","Lighthouse Rd, Owls Head, ME, US",150,"jeffbrown-dfw",6524561,"false","https://static.inaturalist.org/photos/575142706/medium.jpg","",NA,NA
"Rosa rugosa","rugosa rose","2025-10-02",NA,NA,44.0919278807,-69.0442822414,"https://www.inaturalist.org/observations/318220372","Sheep Island","buffer","Plantae","Plants","Lighthouse Rd, Owls Head, ME, US",150,"jeffbrown-dfw",6524561,"false","https://static.inaturalist.org/photos/575142706/medium.jpg","",NA,NA
"Tussilago farfara","colt's-foot","2025-09-28",NA,NA,44.44372192,-68.31750211,"https://www.inaturalist.org/observations/317289820","Stone Barn Farm","buffer","Plantae","Plants","Bar Harbor, ME 04609, USA",3,"nowur1ofus",7451169,"false","https://inaturalist-open-data.s3.amazonaws.com/photos/573324050/medium.jpg","CC-BY-NC",NA,NA
"Teucrium canadense","american germander","2025-10-02","Lamoine, ME, US",NA,44.450972323,-68.2995513172,"https://www.inaturalist.org/observations/318237563","Stone Barn Farm","buffer",NA,NA,NA,NA,NA,NA,NA,NA,NA,NA,NA
"Teucrium canadense","american germander","2025-10-02","Lamoine, ME, US",NA,44.450972323,-68.2995513172,"https://www.inaturalist.org/observations/318237563","Stone Barn Farm","buffer",NA,NA,NA,NA,NA,NA,NA,NA,NA,NA,NA
"Teucrium canadense","american germander","2025-10-02","Lamoine, ME, US",NA,44.450972323,-68.2995513172,"https://www.inaturalist.org/observations/318237563","Stone Barn Farm","buffer",NA,NA,NA,NA,NA,NA,NA,NA,NA,NA,NA
"Teucrium canadense","american germander","2025-10-02","Lamoine, ME, US",NA,44.450972323,-68.2995513172,"https://www.inaturalist.org/observations/318237563","Stone Barn Farm","buffer",NA,NA,NA,NA,NA,NA,NA,NA,NA,NA,NA
"Rosa rugosa","rugosa rose","2025-09-22",NA,NA,44.1543101846,-68.6906299834,"https://www.inaturalist.org/observations/316055002","The Fort &amp; Little Fort","buffer","Plantae","Plants","Hancock County, US-ME, US",6,"mazelife",2492413,"false","https://inaturalist-open-data.s3.amazonaws.com/photos/571000602/medium.jpg","CC-BY-NC",NA,NA
"Rosa rugosa","rugosa rose","2025-09-22",NA,NA,44.1543101846,-68.6906299834,"https://www.inaturalist.org/observations/316055002","The Fort &amp; Little Fort","buffer","Plantae","Plants","Hancock County, US-ME, US",6,"mazelife",2492413,"false","https://inaturalist-open-data.s3.amazonaws.com/photos/571000602/medium.jpg","CC-BY-NC",NA,NA
"Euphorbia cyparissias","cypress spurge","2025-10-06",NA,NA,44.155708313,-68.6677856445,"https://www.inaturalist.org/observations/319154890","The Fort &amp; Little Fort","buffer","Plantae","Plants","Stonington",33,"bmace",828011,"false","https://static.inaturalist.org/photos/576892350/medium.jpg","",NA,NA
"Euphorbia cyparissias","cypress spurge","2025-10-06",NA,NA,44.155708313,-68.6677856445,"https://www.inaturalist.org/observations/319154890","The Fort &amp; Little Fort","buffer","Plantae","Plants","Stonington",33,"bmace",828011,"false","https://static.inaturalist.org/photos/576892350/medium.jpg","",NA,NA
"Euphorbia cyparissias","cypress spurge","2025-10-06",NA,NA,44.155708313,-68.6677856445,"https://www.inaturalist.org/observations/319154890","The Fort &amp; Little Fort","buffer","Plantae","Plants","Stonington",33,"bmace",828011,"false","https://static.inaturalist.org/photos/576892350/medium.jpg","",NA,NA
"Euphorbia cyparissias","cypress spurge","2025-10-06",NA,NA,44.155708313,-68.6677856445,"https://www.inaturalist.org/observations/319154890","The Fort &amp; Little Fort","buffer","Plantae","Plants","Stonington",33,"bmace",828011,"false","https://static.inaturalist.org/photos/576892350/medium.jpg","",NA,NA
"Euphorbia cyparissias","cypress spurge","2025-10-06",NA,NA,44.155708313,-68.6677856445,"https://www.inaturalist.org/observations/319154890","The Fort &amp; Little Fort","buffer","Plantae","Plants","Stonington",33,"bmace",828011,"false","https://static.inaturalist.org/photos/576892350/medium.jpg","",NA,NA
"Euphorbia cyparissias","cypress spurge","2025-10-06",NA,NA,44.155708313,-68.6677856445,"https://www.inaturalist.org/observations/319154890","The Fort &amp; Little Fort","buffer","Plantae","Plants","Stonington",33,"bmace",828011,"false","https://static.inaturalist.org/photos/576892350/medium.jpg","",NA,NA
"Euphorbia cyparissias","cypress spurge","2025-10-06",NA,NA,44.155708313,-68.6677856445,"https://www.inaturalist.org/observations/319154890","The Fort &amp; Little Fort","buffer","Plantae","Plants","Stonington",33,"bmace",828011,"false","https://static.inaturalist.org/photos/576892350/medium.jpg","",NA,NA
"Euphorbia cyparissias","cypress spurge","2025-10-06",NA,NA,44.155708313,-68.6677856445,"https://www.inaturalist.org/observations/319154890","The Fort &amp; Little Fort","buffer","Plantae","Plants","Stonington",33,"bmace",828011,"false","https://static.inaturalist.org/photos/576892350/medium.jpg","",NA,NA
"Tussilago farfara","colt's-foot","2025-09-28",NA,NA,44.44372192,-68.31750211,"https://www.inaturalist.org/observations/317289820","Thomas Island","buffer","Plantae","Plants","Bar Harbor, ME 04609, USA",3,"nowur1ofus",7451169,"false","https://inaturalist-open-data.s3.amazonaws.com/photos/573324050/medium.jpg","CC-BY-NC",NA,NA
"Rosa rugosa","rugosa rose","2025-09-23",NA,NA,44.2291685748,-68.3123782431,"https://www.inaturalist.org/observations/316072908","Trap Mill Woods Preserve","buffer","Plantae","Plants","Acadia National Park, Hancock County, US-ME, US",8,"farland_howell",7028089,"false","https://inaturalist-open-data.s3.amazonaws.com/photos/571032997/medium.jpg","CC-BY-NC",NA,NA
"Corema conradii","broom crowberry","2025-09-23","Acadia National Park, Hancock County, US-ME, US",NA,44.231583065,-68.3151853048,"https://www.inaturalist.org/observations/316073278","Trap Mill Woods Preserve","buffer",NA,NA,NA,NA,NA,NA,NA,NA,NA,NA,NA
"Symplocarpus foetidus","eastern skunk cabbage","2025-09-23","Acadia National Park, Hancock County, US-ME, US",NA,44.2343598784,-68.3202394178,"https://www.inaturalist.org/observations/316071229","Trap Mill Woods Preserve","buffer",NA,NA,NA,NA,NA,NA,NA,NA,NA,NA,NA
"Trichophorum cespitosum","tufted bulrush","2025-09-23","Acadia National Park, Hancock County, US-ME, US",NA,44.2348513766,-68.3206619823,"https://www.inaturalist.org/observations/316071620","Trap Mill Woods Preserve","buffer",NA,NA,NA,NA,NA,NA,NA,NA,NA,NA,NA
"Rubus hispidus","swamp dewberry","2025-09-26","Mamie's Way, Bass Harbor, ME, US",NA,44.2468609068,-68.3416466776,"https://www.inaturalist.org/observations/316826979","Trap Mill Woods Preserve","buffer",NA,NA,NA,NA,NA,NA,NA,NA,NA,NA,NA
"Rosa rugosa","rugosa rose","2025-10-02",NA,NA,44.221955,-68.3373416667,"https://www.inaturalist.org/observations/318295924","Trap Mill Woods Preserve","buffer","Plantae","Plants","Mount Desert Island, Southwest Harbor, ME, US",159,"ap90",615449,"false","https://inaturalist-open-data.s3.amazonaws.com/photos/575244216/medium.jpg","CC-BY-NC",NA,NA
"Rosa rugosa","rugosa rose","2025-10-02",NA,NA,44.221955,-68.3373416667,"https://www.inaturalist.org/observations/318295924","Trap Mill Woods Preserve","buffer","Plantae","Plants","Mount Desert Island, Southwest Harbor, ME, US",159,"ap90",615449,"false","https://inaturalist-open-data.s3.amazonaws.com/photos/575244216/medium.jpg","CC-BY-NC",NA,NA
"Rosa rugosa","rugosa rose","2025-10-02",NA,NA,44.221955,-68.3373416667,"https://www.inaturalist.org/observations/318295924","Trap Mill Woods Preserve","buffer","Plantae","Plants","Mount Desert Island, Southwest Harbor, ME, US",159,"ap90",615449,"false","https://inaturalist-open-data.s3.amazonaws.com/photos/575244216/medium.jpg","CC-BY-NC",NA,NA
"Rosa rugosa","rugosa rose","2025-10-02",NA,NA,44.221955,-68.3373416667,"https://www.inaturalist.org/observations/318295924","Trap Mill Woods Preserve","buffer","Plantae","Plants","Mount Desert Island, Southwest Harbor, ME, US",159,"ap90",615449,"false","https://inaturalist-open-data.s3.amazonaws.com/photos/575244216/medium.jpg","CC-BY-NC",NA,NA
"Rosa rugosa","rugosa rose","2025-10-05",NA,NA,44.221987451,-68.3373856463,"https://www.inaturalist.org/observations/319177566","Trap Mill Woods Preserve","buffer","Plantae","Plants","Lighthouse Rd, Southwest Harbor, ME, US",5,"captainjoan",1667365,"false","https://inaturalist-open-data.s3.amazonaws.com/photos/576933537/medium.jpg","CC-BY-NC",NA,NA
"Rosa rugosa","rugosa rose","2025-10-05",NA,NA,44.221987451,-68.3373856463,"https://www.inaturalist.org/observations/319177566","Trap Mill Woods Preserve","buffer","Plantae","Plants","Lighthouse Rd, Southwest Harbor, ME, US",5,"captainjoan",1667365,"false","https://inaturalist-open-data.s3.amazonaws.com/photos/576933537/medium.jpg","CC-BY-NC",NA,NA
"Rosa rugosa","rugosa rose","2025-10-05",NA,NA,44.221987451,-68.3373856463,"https://www.inaturalist.org/observations/319177566","Trap Mill Woods Preserve","buffer","Plantae","Plants","Lighthouse Rd, Southwest Harbor, ME, US",5,"captainjoan",1667365,"false","https://inaturalist-open-data.s3.amazonaws.com/photos/576933537/medium.jpg","CC-BY-NC",NA,NA
"Rosa rugosa","rugosa rose","2025-10-05",NA,NA,44.221987451,-68.3373856463,"https://www.inaturalist.org/observations/319177566","Trap Mill Woods Preserve","buffer","Plantae","Plants","Lighthouse Rd, Southwest Harbor, ME, US",5,"captainjoan",1667365,"false","https://inaturalist-open-data.s3.amazonaws.com/photos/576933537/medium.jpg","CC-BY-NC",NA,NA
"Rosa rugosa","rugosa rose","2025-10-05",NA,NA,44.8534698486,-66.9839096069,"https://www.inaturalist.org/observations/318903773","Treat Island Preserve","buffer","Plantae","Plants","Lubec",3,"lunajack",2827382,"false","https://inaturalist-open-data.s3.amazonaws.com/photos/576412487/medium.jpg","CC-BY-NC",NA,NA
"Rosa rugosa","rugosa rose","2025-10-05",NA,NA,44.8534698486,-66.9839096069,"https://www.inaturalist.org/observations/318903773","Treat Island Preserve","buffer","Plantae","Plants","Lubec",3,"lunajack",2827382,"false","https://inaturalist-open-data.s3.amazonaws.com/photos/576412487/medium.jpg","CC-BY-NC",NA,NA
"Rosa rugosa","rugosa rose","2025-10-05",NA,NA,44.8534698486,-66.9839096069,"https://www.inaturalist.org/observations/318903773","Treat Island Preserve","buffer","Plantae","Plants","Lubec",3,"lunajack",2827382,"false","https://inaturalist-open-data.s3.amazonaws.com/photos/576412487/medium.jpg","CC-BY-NC",NA,NA
"Rosa rugosa","rugosa rose","2025-10-05",NA,NA,44.8534698486,-66.9839096069,"https://www.inaturalist.org/observations/318903773","Treat Island Preserve","buffer","Plantae","Plants","Lubec",3,"lunajack",2827382,"false","https://inaturalist-open-data.s3.amazonaws.com/photos/576412487/medium.jpg","CC-BY-NC",NA,NA
"Rosa rugosa","rugosa rose","2025-10-05",NA,NA,44.8534698486,-66.9839096069,"https://www.inaturalist.org/observations/318903773","Treat Island Preserve","buffer","Plantae","Plants","Lubec",3,"lunajack",2827382,"false","https://inaturalist-open-data.s3.amazonaws.com/photos/576412487/medium.jpg","CC-BY-NC",NA,NA
"Rosa rugosa","rugosa rose","2025-10-05",NA,NA,44.8534698486,-66.9839096069,"https://www.inaturalist.org/observations/318903773","Treat Island Preserve","buffer","Plantae","Plants","Lubec",3,"lunajack",2827382,"false","https://inaturalist-open-data.s3.amazonaws.com/photos/576412487/medium.jpg","CC-BY-NC",NA,NA
"Rosa rugosa","rugosa rose","2025-10-05",NA,NA,44.8534698486,-66.9839096069,"https://www.inaturalist.org/observations/318903773","Treat Island Preserve","buffer","Plantae","Plants","Lubec",3,"lunajack",2827382,"false","https://inaturalist-open-data.s3.amazonaws.com/photos/576412487/medium.jpg","CC-BY-NC",NA,NA
"Rosa rugosa","rugosa rose","2025-10-05",NA,NA,44.8534698486,-66.9839096069,"https://www.inaturalist.org/observations/318903773","Treat Island Preserve","buffer","Plantae","Plants","Lubec",3,"lunajack",2827382,"false","https://inaturalist-open-data.s3.amazonaws.com/photos/576412487/medium.jpg","CC-BY-NC",NA,NA
"Galeopsis bifida","bifid hemp-nettle","2025-09-28",NA,NA,44.0479621887,-69.1220397949,"https://www.inaturalist.org/observations/317231848","Weskeag","buffer","Plantae","Plants","South Thomaston",38,"wespratt",4208449,"false","https://inaturalist-open-data.s3.amazonaws.com/photos/573217123/medium.jpg","CC-BY-NC",NA,NA
"Typha angustifolia","narrow-leaved cattail","2025-10-02",NA,NA,44.0768971667,-69.1410361667,"https://www.inaturalist.org/observations/318478846","Weskeag","buffer","Plantae","Plants","Buttermilk Ln, South Thomaston, ME, US",4,"ecarty",4955363,"false","https://inaturalist-open-data.s3.amazonaws.com/photos/575598094/medium.jpg","CC-BY-NC",NA,NA
"Typha angustifolia","narrow-leaved cattail","2025-10-02",NA,NA,44.0768971667,-69.1410361667,"https://www.inaturalist.org/observations/318478846","Weskeag","buffer","Plantae","Plants","Buttermilk Ln, South Thomaston, ME, US",4,"ecarty",4955363,"false","https://inaturalist-open-data.s3.amazonaws.com/photos/575598094/medium.jpg","CC-BY-NC",NA,NA
"Typha angustifolia","narrow-leaved cattail","2025-10-02",NA,NA,44.0768971667,-69.1410361667,"https://www.inaturalist.org/observations/318478846","Weskeag","buffer","Plantae","Plants","Buttermilk Ln, South Thomaston, ME, US",4,"ecarty",4955363,"false","https://inaturalist-open-data.s3.amazonaws.com/photos/575598094/medium.jpg","CC-BY-NC",NA,NA
"Typha angustifolia","narrow-leaved cattail","2025-10-02",NA,NA,44.0768971667,-69.1410361667,"https://www.inaturalist.org/observations/318478846","Weskeag","buffer","Plantae","Plants","Buttermilk Ln, South Thomaston, ME, US",4,"ecarty",4955363,"false","https://inaturalist-open-data.s3.amazonaws.com/photos/575598094/medium.jpg","CC-BY-NC",NA,NA
"Impatiens glandulifera","himalayan balsam","2025-10-06",NA,NA,44.0331305556,-69.1342527778,"https://www.inaturalist.org/observations/319416633","Weskeag","buffer","Plantae","Plants","South Thomaston, ME, USA",NA,"justinguider",536850,"false","https://static.inaturalist.org/photos/577389783/medium.jpg","",NA,NA
"Lonicera morrowii","morrow's honeysuckle","2025-10-06",NA,NA,44.0338694444,-69.1332722222,"https://www.inaturalist.org/observations/319416180","Weskeag","buffer","Plantae","Plants","South Thomaston, ME, USA",NA,"justinguider",536850,"false","https://static.inaturalist.org/photos/577388756/medium.jpg","",NA,NA
"Impatiens glandulifera","himalayan balsam","2025-10-06",NA,NA,44.0331305556,-69.1342527778,"https://www.inaturalist.org/observations/319416633","Weskeag","buffer","Plantae","Plants","South Thomaston, ME, USA",NA,"justinguider",536850,"false","https://static.inaturalist.org/photos/577389783/medium.jpg","",NA,NA
"Lonicera morrowii","morrow's honeysuckle","2025-10-06",NA,NA,44.0338694444,-69.1332722222,"https://www.inaturalist.org/observations/319416180","Weskeag","buffer","Plantae","Plants","South Thomaston, ME, USA",NA,"justinguider",536850,"false","https://static.inaturalist.org/photos/577388756/medium.jpg","",NA,NA
"Impatiens glandulifera","himalayan balsam","2025-10-06",NA,NA,44.0331305556,-69.1342527778,"https://www.inaturalist.org/observations/319416633","Weskeag","buffer","Plantae","Plants","South Thomaston, ME, USA",NA,"justinguider",536850,"false","https://static.inaturalist.org/photos/577389783/medium.jpg","",NA,NA
"Lonicera morrowii","morrow's honeysuckle","2025-10-06",NA,NA,44.0338694444,-69.1332722222,"https://www.inaturalist.org/observations/319416180","Weskeag","buffer","Plantae","Plants","South Thomaston, ME, USA",NA,"justinguider",536850,"false","https://static.inaturalist.org/photos/577388756/medium.jpg","",NA,NA
"Impatiens glandulifera","himalayan balsam","2025-10-06",NA,NA,44.0331305556,-69.1342527778,"https://www.inaturalist.org/observations/319416633","Weskeag","buffer","Plantae","Plants","South Thomaston, ME, USA",NA,"justinguider",536850,"false","https://static.inaturalist.org/photos/577389783/medium.jpg","",NA,NA
"Lonicera morrowii","morrow's honeysuckle","2025-10-06",NA,NA,44.0338694444,-69.1332722222,"https://www.inaturalist.org/observations/319416180","Weskeag","buffer","Plantae","Plants","South Thomaston, ME, USA",NA,"justinguider",536850,"false","https://static.inaturalist.org/photos/577388756/medium.jpg","",NA,NA
"Galeopsis bifida","bifid hemp-nettle","2025-09-28",NA,NA,44.0479621887,-69.1220397949,"https://www.inaturalist.org/observations/317231848","Weskeag Preserve","buffer","Plantae","Plants","South Thomaston",38,"wespratt",4208449,"false","https://inaturalist-open-data.s3.amazonaws.com/photos/573217123/medium.jpg","CC-BY-NC",NA,NA
"Galeopsis bifida","bifid hemp-nettle","2025-09-28",NA,NA,44.0479621887,-69.1220397949,"https://www.inaturalist.org/observations/317231848","Weskeag Preserve","buffer","Plantae","Plants","South Thomaston",38,"wespratt",4208449,"false","https://inaturalist-open-data.s3.amazonaws.com/photos/573217123/medium.jpg","CC-BY-NC",NA,NA
"Typha angustifolia","narrow-leaved cattail","2025-10-02",NA,NA,44.0768971667,-69.1410361667,"https://www.inaturalist.org/observations/318478846","Weskeag Preserve","buffer","Plantae","Plants","Buttermilk Ln, South Thomaston, ME, US",4,"ecarty",4955363,"false","https://inaturalist-open-data.s3.amazonaws.com/photos/575598094/medium.jpg","CC-BY-NC",NA,NA
"Typha angustifolia","narrow-leaved cattail","2025-10-02",NA,NA,44.0768971667,-69.1410361667,"https://www.inaturalist.org/observations/318478846","Weskeag Preserve","buffer","Plantae","Plants","Buttermilk Ln, South Thomaston, ME, US",4,"ecarty",4955363,"false","https://inaturalist-open-data.s3.amazonaws.com/photos/575598094/medium.jpg","CC-BY-NC",NA,NA
"Typha angustifolia","narrow-leaved cattail","2025-10-02",NA,NA,44.0768971667,-69.1410361667,"https://www.inaturalist.org/observations/318478846","Weskeag Preserve","buffer","Plantae","Plants","Buttermilk Ln, South Thomaston, ME, US",4,"ecarty",4955363,"false","https://inaturalist-open-data.s3.amazonaws.com/photos/575598094/medium.jpg","CC-BY-NC",NA,NA
"Typha angustifolia","narrow-leaved cattail","2025-10-02",NA,NA,44.0768971667,-69.1410361667,"https://www.inaturalist.org/observations/318478846","Weskeag Preserve","buffer","Plantae","Plants","Buttermilk Ln, South Thomaston, ME, US",4,"ecarty",4955363,"false","https://inaturalist-open-data.s3.amazonaws.com/photos/575598094/medium.jpg","CC-BY-NC",NA,NA
"Typha angustifolia","narrow-leaved cattail","2025-10-02",NA,NA,44.0768971667,-69.1410361667,"https://www.inaturalist.org/observations/318478846","Weskeag Preserve","buffer","Plantae","Plants","Buttermilk Ln, South Thomaston, ME, US",4,"ecarty",4955363,"false","https://inaturalist-open-data.s3.amazonaws.com/photos/575598094/medium.jpg","CC-BY-NC",NA,NA
"Typha angustifolia","narrow-leaved cattail","2025-10-02",NA,NA,44.0768971667,-69.1410361667,"https://www.inaturalist.org/observations/318478846","Weskeag Preserve","buffer","Plantae","Plants","Buttermilk Ln, South Thomaston, ME, US",4,"ecarty",4955363,"false","https://inaturalist-open-data.s3.amazonaws.com/photos/575598094/medium.jpg","CC-BY-NC",NA,NA
"Typha angustifolia","narrow-leaved cattail","2025-10-02",NA,NA,44.0768971667,-69.1410361667,"https://www.inaturalist.org/observations/318478846","Weskeag Preserve","buffer","Plantae","Plants","Buttermilk Ln, South Thomaston, ME, US",4,"ecarty",4955363,"false","https://inaturalist-open-data.s3.amazonaws.com/photos/575598094/medium.jpg","CC-BY-NC",NA,NA
"Typha angustifolia","narrow-leaved cattail","2025-10-02",NA,NA,44.0768971667,-69.1410361667,"https://www.inaturalist.org/observations/318478846","Weskeag Preserve","buffer","Plantae","Plants","Buttermilk Ln, South Thomaston, ME, US",4,"ecarty",4955363,"false","https://inaturalist-open-data.s3.amazonaws.com/photos/575598094/medium.jpg","CC-BY-NC",NA,NA
"Impatiens glandulifera","himalayan balsam","2025-10-06",NA,NA,44.0331305556,-69.1342527778,"https://www.inaturalist.org/observations/319416633","Weskeag Preserve","buffer","Plantae","Plants","South Thomaston, ME, USA",NA,"justinguider",536850,"false","https://static.inaturalist.org/photos/577389783/medium.jpg","",NA,NA
"Lonicera morrowii","morrow's honeysuckle","2025-10-06",NA,NA,44.0338694444,-69.1332722222,"https://www.inaturalist.org/observations/319416180","Weskeag Preserve","buffer","Plantae","Plants","South Thomaston, ME, USA",NA,"justinguider",536850,"false","https://static.inaturalist.org/photos/577388756/medium.jpg","",NA,NA
"Lonicera morrowii","morrow's honeysuckle","2025-10-06",NA,NA,44.0338694444,-69.1332722222,"https://www.inaturalist.org/observations/319416180","Weskeag Preserve","buffer","Plantae","Plants","South Thomaston, ME, USA",NA,"justinguider",536850,"false","https://static.inaturalist.org/photos/577388756/medium.jpg","",NA,NA
"Impatiens glandulifera","himalayan balsam","2025-10-06",NA,NA,44.0331305556,-69.1342527778,"https://www.inaturalist.org/observations/319416633","Weskeag Preserve","buffer","Plantae","Plants","South Thomaston, ME, USA",NA,"justinguider",536850,"false","https://static.inaturalist.org/photos/577389783/medium.jpg","",NA,NA
"Lonicera morrowii","morrow's honeysuckle","2025-10-06",NA,NA,44.0338694444,-69.1332722222,"https://www.inaturalist.org/observations/319416180","Weskeag Preserve","buffer","Plantae","Plants","South Thomaston, ME, USA",NA,"justinguider",536850,"false","https://static.inaturalist.org/photos/577388756/medium.jpg","",NA,NA
"Lonicera morrowii","morrow's honeysuckle","2025-10-06",NA,NA,44.0338694444,-69.1332722222,"https://www.inaturalist.org/observations/319416180","Weskeag Preserve","buffer","Plantae","Plants","South Thomaston, ME, USA",NA,"justinguider",536850,"false","https://static.inaturalist.org/photos/577388756/medium.jpg","",NA,NA
"Impatiens glandulifera","himalayan balsam","2025-10-06",NA,NA,44.0331305556,-69.1342527778,"https://www.inaturalist.org/observations/319416633","Weskeag Preserve","buffer","Plantae","Plants","South Thomaston, ME, USA",NA,"justinguider",536850,"false","https://static.inaturalist.org/photos/577389783/medium.jpg","",NA,NA
"Lonicera morrowii","morrow's honeysuckle","2025-10-06",NA,NA,44.0338694444,-69.1332722222,"https://www.inaturalist.org/observations/319416180","Weskeag Preserve","buffer","Plantae","Plants","South Thomaston, ME, USA",NA,"justinguider",536850,"false","https://static.inaturalist.org/photos/577388756/medium.jpg","",NA,NA
"Lonicera morrowii","morrow's honeysuckle","2025-10-06",NA,NA,44.0338694444,-69.1332722222,"https://www.inaturalist.org/observations/319416180","Weskeag Preserve","buffer","Plantae","Plants","South Thomaston, ME, USA",NA,"justinguider",536850,"false","https://static.inaturalist.org/photos/577388756/medium.jpg","",NA,NA
"Impatiens glandulifera","himalayan balsam","2025-10-06",NA,NA,44.0331305556,-69.1342527778,"https://www.inaturalist.org/observations/319416633","Weskeag Preserve","buffer","Plantae","Plants","South Thomaston, ME, USA",NA,"justinguider",536850,"false","https://static.inaturalist.org/photos/577389783/medium.jpg","",NA,NA
"Lonicera morrowii","morrow's honeysuckle","2025-10-06",NA,NA,44.0338694444,-69.1332722222,"https://www.inaturalist.org/observations/319416180","Weskeag Preserve","buffer","Plantae","Plants","South Thomaston, ME, USA",NA,"justinguider",536850,"false","https://static.inaturalist.org/photos/577388756/medium.jpg","",NA,NA
"Lonicera morrowii","morrow's honeysuckle","2025-10-06",NA,NA,44.0338694444,-69.1332722222,"https://www.inaturalist.org/observations/319416180","Weskeag Preserve","buffer","Plantae","Plants","South Thomaston, ME, USA",NA,"justinguider",536850,"false","https://static.inaturalist.org/photos/577388756/medium.jpg","",NA,NA
"Berberis thunbergii","japanese barberry","2025-09-28",NA,NA,43.8670272265,-69.8880198709,"https://www.inaturalist.org/observations/317255576","Woodward Point Preserve","buffer","Plantae","Plants","Fosters Point Rd, West Bath, ME, US",4,"lfouda",6327739,"false","https://inaturalist-open-data.s3.amazonaws.com/photos/573259803/medium.jpg","CC-BY-NC",NA,NA
"Ligustrum","privets","2025-09-28",NA,NA,43.866874055,-69.88813254,"https://www.inaturalist.org/observations/317255549","Woodward Point Preserve","buffer","Plantae","Plants","Fosters Point Rd, West Bath, ME, US",2,"lfouda",6327739,"false","https://inaturalist-open-data.s3.amazonaws.com/photos/573259722/medium.jpg","CC-BY-NC",NA,NA
"Berberis thunbergii","japanese barberry","2025-10-02",NA,NA,43.866230011,-69.9296035767,"https://www.inaturalist.org/observations/318276102","Woodward Point Preserve","buffer","Plantae","Plants","Brunswick",4,"k_508_207",4170943,"false","","CC-BY-NC",NA,NA
"Berberis thunbergii","japanese barberry","2025-10-02",NA,NA,43.866230011,-69.9296035767,"https://www.inaturalist.org/observations/318276102","Woodward Point Preserve","buffer","Plantae","Plants","Brunswick",4,"k_508_207",4170943,"false","","CC-BY-NC",NA,NA
"Berberis thunbergii","japanese barberry","2025-10-02",NA,NA,43.866230011,-69.9296035767,"https://www.inaturalist.org/observations/318276102","Woodward Point Preserve","buffer","Plantae","Plants","Brunswick",4,"k_508_207",4170943,"false","","CC-BY-NC",NA,NA
"Berberis thunbergii","japanese barberry","2025-10-02",NA,NA,43.866230011,-69.9296035767,"https://www.inaturalist.org/observations/318276102","Woodward Point Preserve","buffer","Plantae","Plants","Brunswick",4,"k_508_207",4170943,"false","","CC-BY-NC",NA,NA
